name	smiles
rxn:1:63857:7279	CC[C@H](N)c1cn(CC2(C)COC2)nn1
rxn:1:57146:8770	N#Cc1ccc(CCCn2cc(CN)nn2)s1
rxn:1:40192:2061	CC1(n2cc(C(=O)C3(N)CCC3)nn2)CC1
rxn:1:59994:11683	CCC(O)c1cn([C@@H]2CCOC[C@H]2O)nn1
rxn:1:63575:7135	CC(O)c1cn(CC2CCC(=O)O2)nn1
rxn:1:61932:37712	CC1=C(c2csc(-c3cn(C(C)C)nn3)n2)CCC1O
rxn:1:63004:38323	C[C@H](c1ccc(F)cc1F)n1cc([C@H]2C[C@H]2CO)nn1
rxn:1:52157:32202	O=C1CC=CC(c2cn(Cc3cn[nH]c3)nn2)=N1
rxn:1:65145:28925	OCCCc1ccc(-c2cn(C3COC3)nn2)cc1
rxn:1:49408:39283	N[C@H]1CC[C@@H](n2cc(C(=O)C3CCC3)nn2)CC1
rxn:1:61931:39611	CNC(=O)Cn1cc(C2(c3ccccc3)CCC2)nn1
rxn:1:57557:1728	Cc1ccc(-n2cc(C3CC(F)(F)C3)nn2)cc1
rxn:1:62140:22615	CC(=O)c1ccccc1-c1cn(C(F)F)nn1
rxn:1:55970:4644	CCCC(CCO)c1cn(C2CCCC(C)C2)nn1
rxn:1:65675:23186	Cc1ccc(C=CCn2cc([C@H]3C[C@H]3C#N)nn2)s1
rxn:1:41525:38444	NS(=O)(=O)CCCc1cn(-c2cc(Cl)ccc2F)nn1
rxn:1:50981:31589	Cc1nc(C(F)F)sc1-c1cn(C[C@@H](O)C(C)(C)C)nn1
rxn:1:47325:2513	Cc1nn(C)c(-c2cn([C@@H](C)C(=O)O)nn2)c1N
rxn:1:40911:12212	Cn1nncc1-n1cc([C@H]2CNC[C@H]2F)nn1
rxn:1:51722:39261	CC1(O)CCCC1n1cc(C(N)C2CCCCC2)nn1
rxn:1:49418:39283	N[C@H]1CC[C@H](Cn2cc(C(=O)C3CCC3)nn2)CC1
rxn:1:60913:39328	CC=Cc1cn(Cc2nc(N)nc(N(C)C)n2)nn1
rxn:1:61027:38613	COC(=O)CCn1cc(CC2(O)CCC2)nn1
rxn:1:42204:5458	CC(c1ccccc1Cl)n1cc(COCC(N)=O)nn1
rxn:1:55882:31045	Cn1cc(-c2cn(CC3(CO)COC3)nn2)c(F)n1
rxn:1:51026:2539	Cc1cn(C)nc1-c1cn(C[C@H](O)C2CCOC2)nn1
rxn:1:48866:12018	CC(=O)CCc1cn(Cc2ccc(F)cc2C)nn1
rxn:1:48859:18710	CC(O)n1cc(-c2cn(CC3CCC3)nn2)c(C2CC2)n1
rxn:1:61530:24168	CC(Cc1cn(C(C)(C)C(=O)O)nn1)C(N)=O
rxn:1:53463:12177	Cc1ccc(-n2cc(C3CC(C)(C(F)F)C3)nn2)cn1
rxn:1:61693:1719	CCCC(C)C(C)n1cc([C@H]2COC(C)(C)O2)nn1
rxn:1:57360:39726	C=Cc1cn(CCCc2cnc(Cl)nc2C)nn1
rxn:1:61968:31854	CO[C@@H](C)[C@H](N)c1cn([C@@H]2CNC(=O)C2)nn1
rxn:1:65649:6553	NCC(F)CCCc1cn(CC(=O)O)nn1
rxn:1:62264:28120	CC[C@H](C)[C@H](C(=O)O)n1cc([C@@H]2C[C@@H]2COC)nn1
rxn:1:49499:39283	O=C(c1cn(C[C@H]2C[C@H](C(=O)O)C2)nn1)C1CCC1
rxn:1:61114:95	Cc1occc1-c1cn(CC(=O)N2CC(F)(F)C2)nn1
rxn:1:55739:32710	Oc1cnc(-c2cn(CC3COCCC3(F)F)nn2)c(F)c1
rxn:1:62510:32459	CC[C@@H](c1ccc(F)cc1)n1cc([C@](C)(O)COC)nn1
rxn:1:61517:3361	CC(C)c1cnn(Cc2cn(CC3(F)CCC3)nn2)c1
rxn:1:58126:12149	CCN(CCn1cc([C@H]2C[C@H]2N)nn1)c1ccccc1F
rxn:1:61386:11767	O=C(O)[C@H]1CC[C@H](c2cn(CCn3nccn3)nn2)CC1
rxn:1:49352:28636	Cc1nccn1[C@@H]1CCC[C@@H]1n1cc(CCC(C)(C)N)nn1
rxn:1:61907:7104	N[C@H]1CCCC[C@@H]1Cn1cc(CCN2CCCC2=O)nn1
rxn:1:49537:11826	Cc1csc(C2C(Cn3cc(C(C)C(C)O)nn3)C2(F)F)c1
rxn:1:57212:38433	Cc1cccc(CCCn2cc(C3(N)CCCC3)nn2)c1Cl
rxn:1:59972:4000	CC(C)N(Cc1cn([C@H]2CCC[C@H](N)C2)nn1)S(C)(=O)=O
rxn:1:44748:23880	COC(=O)c1sc(-n2cc([C@@H]3CCCO3)nn2)c(Cl)c1O
rxn:1:61349:23330	C[C@H](O)Cc1cn(C2CN(Cc3ccc(F)cc3F)C2)nn1
rxn:1:62551:27806	Cc1oc(-c2cn(C[C@@H]3CC[C@H]3CO)nn2)cc1C(=O)O
rxn:1:61071:28564	COC1CCCN(CCn2cc([C@@H]3C[C@H]3CO)nn2)C1
rxn:1:55112:2927	CSCCc1cn(CC2CC2c2ncccc2C)nn1
rxn:1:61861:32146	COC(=O)C(C)(C)Cn1cc(C[C@@H]2CCCNC2)nn1
rxn:1:49406:6010	NCc1cc(-c2cn(CC34CCC(N)(CO3)C4)nn2)co1
rxn:1:57088:7802	O[C@@H]1CCC[C@H]1c1cn(CCCc2cncnc2Cl)nn1
rxn:1:60807:2796	CCC1(c2cn(Cc3ccc(CC(=O)O)cc3)nn2)CCC1
rxn:1:55107:39290	CCC(C)(N)Cc1cn(CC2CC2c2cc(C)ccn2)nn1
rxn:1:60640:13833	CC(C)Cc1n[nH]cc1Cn1cc([C@H]2CCCC[C@H]2O)nn1
rxn:1:49406:273	NC12CCC(Cn3cc(Cc4ccc(O)cc4)nn3)(C1)OC2
rxn:1:41071:7135	CC(O)c1cn(CC=Cc2cc(F)c(C(=O)O)cc2F)nn1
rxn:1:62307:39351	O=C(NCc1cn(-c2cncc(Cl)c2)nn1)C1CCCCN1
rxn:1:42905:28700	CNC(c1cn(C2(c3ccc(F)cc3)CCCC2)nn1)C1CC1
rxn:1:57170:23838	NC[C@@H]1CC[C@H]1c1cn(CCCc2cncc(O)c2)nn1
rxn:1:62502:14343	CCNC(=O)c1ccc(-c2cn(CCCN)nn2)c(F)c1
rxn:1:48539:39726	C=Cc1cn(CCC(O)C(O)c2ccc(C)nn2)nn1
rxn:1:61738:38845	Cc1cc(-c2cn(C3(C(=O)N(C)C)CCC3)nn2)ccc1F
rxn:1:65697:11767	CCN(CC)CCn1cc([C@H]2CC[C@H](C(=O)O)CC2)nn1
rxn:1:62523:18628	CCc1nn(Cc2cn(C[C@@H]3COCCO3)nn2)cc1Cl
rxn:1:43238:3645	CCC1(C)COC(Cn2cc([C@@](C)(O)c3cc(C)on3)nn2)C1
rxn:1:61855:5787	CO[C@H]1COC[C@@H]1n1cc(COCc2cccc(O)c2)nn1
rxn:1:60668:26000	CCc1n[nH]c(C)c1Cn1cc(C2CC(=O)N(C3CC3)C2)nn1
rxn:1:55849:744	OC1(c2cn(CCC3CCCC4CC34)nn2)Cc2ccccc2C1
rxn:1:40641:2237	CC(=O)CCn1cc(CCC(=O)CC2(N)CC2)nn1
rxn:1:61917:38412	CC(C)NCc1cn([C@@H](COC(C)(C)C)C(=O)O)nn1
rxn:1:43587:39262	OCC(c1ccc(Cl)cc1)n1cc(CC2(CO)CCC2)nn1
rxn:1:64127:7717	Cc1nc(-c2cn(CC#N)nn2)c2sccc2n1
rxn:1:55566:10808	CCNCc1cn(CC2CC2c2ccc(C(C)C)cc2)nn1
rxn:1:51730:3861	Cc1ccnc(C2CC2CCn2cc(C3CCC3CO)nn2)c1
rxn:1:60808:1779	Cc1ccccc1CSCc1cn(C2CCCCC2)nn1
rxn:1:40607:28725	Cc1c(C=CCn2cc([C@H]3C[C@@H](C#N)C3)nn2)cnc(N)c1N
rxn:1:40596:2227	CC(C)(c1cn(CC=Cc2ccc(C(N)=O)cc2)nn1)C(F)F
rxn:1:55209:2582	FCC1(c2cn(CC3CC3c3cc(F)ccc3F)nn2)CC1
rxn:1:61080:7420	O=C(Cn1cc([C@@H]2[C@@H]3COC[C@@H]32)nn1)N1CCC(CO)C1
rxn:1:65735:13877	CCC(=O)OCc1cn(CC=Cc2cccnc2N)nn1
rxn:1:56995:1079	Cc1cnccc1-c1cn(CCCc2c[nH]cn2)nn1
rxn:1:62372:3250	COc1cc(F)c(-c2cn([C@H]3CCCCC[C@@H]3O)nn2)c(F)c1
rxn:1:57415:2703	Nc1cc(CCCn2cc(C3(C(F)(F)F)CC3)nn2)cnc1O
rxn:1:45344:11774	CC(=O)N1CCC(c2cn(CCC=Cc3cnoc3)nn2)C1
rxn:1:41116:35693	Cc1ccc(C(=O)NC(C)C2CC2)cc1-c1cn(C2CCC2)nn1
rxn:1:41447:31467	Cc1ccc(-n2cc(-c3cncc(CN)c3)nn2)c(F)c1
rxn:1:41039:2783	Cc1cc(-c2cn(-c3ccc(CO)c(F)c3)nn2)n[nH]1
rxn:1:61669:4136	CC[C@@H](c1ccccc1F)n1cc(CNCC(N)=O)nn1
rxn:1:55882:6016	OCC1(Cn2cc(COCc3cccnc3)nn2)COC1
rxn:1:45487:3949	Nc1nccc(C=CCCn2cc([C@H]3CC[C@H](N)CC3)nn2)n1
rxn:1:45336:28835	NC(=O)C(N)Cc1cn(CCC=Cc2ccoc2)nn1
rxn:1:60921:38711	CCN(CCn1cc(-c2ncccc2N)nn1)C1CCOCC1
rxn:1:62523:39316	COC(=O)C1CC1c1cn(C[C@@H]2COCCO2)nn1
rxn:1:61299:7790	NC(=O)c1ccc(Cn2cc(CS(=O)(=O)C(F)(F)F)nn2)cc1
rxn:1:62306:8671	CC(Cn1cc(C2(N)CC3(CCC(F)(F)CC3)C2)nn1)C(F)F
rxn:1:41738:39153	CCC(C)NCc1cn(CC=Cc2cccc(Cl)c2O)nn1
rxn:2:114864:136479	Cc1conc1NC1CCSC(C)C1
rxn:2:71837:84526	CCC1COC(CNc2csnc2C)C1
rxn:2:67607:134208	Cc1ccc(C(C)Nc2ncsn2)c(C)n1
rxn:2:114385:96265	CSC1CC(NCc2cc3cnccc3s2)C1
rxn:2:81969:127762	CC1OCCC1Nc1nnc(C2COC2)s1
rxn:2:95697:138812	FC1CCC(NC2CCn3cncc32)C1
rxn:2:111693:122245	CC(NC(c1cccs1)C1CC1)c1csnn1
rxn:2:76863:111773	COc1ccnc(C(C)NC2CCCC2)c1
rxn:2:91068:114552	CN(CCNC1CCOCC1)c1nccs1
rxn:2:116824:121253	Cc1cnn(C2CCC2)c1NC1CSC(C)C1
rxn:2:108370:98873	CC1(C)COC1c1cccc(NC2CC2)c1
rxn:2:123522:100219	Cc1noc(NC2CCCC3CCCC32)n1
rxn:2:90143:141545	CC1CCCC(NC2Cc3cocc3C2)C1
rxn:2:102751:86627	CC1Cn2nccc2C1NCC(F)C(C)(C)C
rxn:2:92898:133854	CC[C@H]1OC[C@@H]1NC1CCOC(C)(C)C1
rxn:2:127280:117258	CC(N[C@@H](C)c1nccn1C)c1ccn(C)n1
rxn:2:94820:113291	Cc1cc(C(C)NC2C[C@@H]3CC[C@H]2C3)nn1C
rxn:2:95588:96015	CC1CCC1NCc1cn(C2CC2)ccc1=O
rxn:2:107065:98187	CC(C)OCn1cc(NC2CCC[C@@H]2F)cn1
rxn:2:74427:95085	CC(NCc1nc(C(C)(F)F)cs1)c1ncco1
rxn:2:93644:99881	C[C@H]1CC(Nc2cn[nH]n2)c2ccccc21
rxn:2:116225:110686	CC(C)c1ncsc1NC1CCC2(CCO2)CC1
rxn:2:110168:114686	Cc1nc(C(C)NCC2(F)CC(F)(F)C2)cn1C
rxn:2:128196:71586	CC1CC(CNC2CC(c3ccsc3)C2)C(C)O1
rxn:2:92195:76956	CC(c1cc(NCC2CCO2)n(C)n1)C1CC1
rxn:2:133481:87875	CCc1nccc(NC2CCCc3occc32)n1
rxn:2:111131:96477	CC(NCC1C2CCC21)c1cccc2ncoc12
rxn:2:122046:117016	Cc1cnc(NC2CCCS(=N)(=O)C2)c(C)n1
rxn:2:74918:136479	CC1CC(NCc2n[nH]c3ncccc23)CCS1
rxn:2:73189:110686	CCCc1nonc1NC1CCC2(CCO2)CC1
rxn:2:134596:121253	Cc1cc2nc(NC3CSC(C)C3)sc2cc1C
rxn:2:83240:120114	CC(NC1CCCc2oncc21)c1ncn[nH]1
rxn:2:109734:131337	CC(N[C@H]1C[C@@](C)(F)C1)c1cccc2c1CCO2
rxn:2:94308:124134	CC1CC12CCCC2NCc1ncc(C2CC2)o1
rxn:2:122310:90537	CCc1cc(NC2CCCCC2C2CC2)cnn1
rxn:2:97980:100665	COc1ccc2c(c1)CCC(F)C2Nc1ccsn1
rxn:2:74168:115675	c1nc(C2CC2NC2CCCC23CCCS3)c[nH]1
rxn:2:132491:106329	COCC(NC1CC2CC1CC2F)C(C)C
rxn:2:165131:98801	Cc1ccc2c(=O)[nH]ccc2c1NC1CCC1
rxn:2:73001:137546	FC(F)(CNC1CCc2cnoc2C1)c1ccoc1
rxn:2:81891:96078	CCOc1nn(C)cc1NC1CC2CCN(C2)C1
rxn:2:110190:110791	COCc1nocc1CNC1C[C@@H](C)C[C@@H](C)C1
rxn:2:76200:112403	COc1ccccc1C[C@@H](C)NC1CC(F)(F)C1
rxn:2:77400:91066	COC1(CNC2COc3ccsc32)CCOC1(C)C
rxn:2:68915:134994	Cc1cn2nc(NC3CCC34COC4)ccc2n1
rxn:2:134404:94855	Cc1ccc(-n2nccn2)c(NC2CC3CC3C2)c1
rxn:2:79794:102802	Cc1cccnc1C(C)NC1COc2ccncc21
rxn:2:138820:115044	COc1c(CCNC(C)c2ccns2)cnn1C
rxn:2:113490:74582	CCC(N[C@H]1CCC[C@H]1N(C)C)C1COC1
rxn:2:115489:141558	CC(Nn1ccccc1=O)c1cc(C2CC2)ccn1
rxn:2:102933:78335	CCCc1cc(NC2CCc3ncoc32)c(C)cn1
rxn:2:135764:131279	CC[C@@H]1C[C@@H]1NC(C)c1cnc(-c2cc[nH]c2)s1
rxn:2:135339:68678	c1cc2c(CNC3C[C@@H]4COC[C@H]34)c[nH]c2cn1
rxn:2:77167:118314	CCCC(C)NC(C)c1cc2c(s1)CCCC2
rxn:2:102687:90316	FC1(F)c2ccccc2C1NCC1CC2COCC12
rxn:2:111091:129239	CCC1CCC(NC(C)(C)C2CCCCO2)C1
rxn:2:102561:138712	CCC(C)c1cc(NC2CC(S(C)(=O)=O)C2)n[nH]1
rxn:2:105914:100818	Cc1ccnc(C(NC2CC2C2CC2)C2CC2)c1
rxn:2:128771:130848	COc1ccc(C)c(NC2CC3CCC2CN3C)c1
rxn:2:121371:92737	c1nc(-c2nnc(NC3CCCC4CCC43)s2)c[nH]1
rxn:2:70825:76308	C[C@@H](NC1C[C@H]2CC[C@@H]1C2)c1ccc2c(c1)OCO2
rxn:2:128804:93770	CCC(Nc1nccc2c1C(C)OC2)C1=NCCC1
rxn:2:118443:125587	COc1cccc2c1OCC2NCc1ccnnc1
rxn:2:125857:138445	COc1nnc(C)cc1NC1CCOC12COC2
rxn:2:90109:96608	Cc1ccc2oc(CNC3CCCC[C@@H]3F)cc2c1
rxn:2:139343:77978	CN1CC(NC[C@H]2CC[C@@H](F)CC2)c2ccccc21
rxn:2:88758:139913	COCC1(NC2CCCCc3ccoc32)CSC1
rxn:2:120221:122313	CC(C)Oc1ncccc1CNC1CCCSC1C
rxn:2:103110:83857	CCCc1ccc(NC(C)CC2(C)CC2)cn1
rxn:2:115336:76620	COCn1cccc(NC2CCSc3sccc32)c1=O
rxn:2:73551:80327	COc1ccc(C)c2sc(NC3CCOCC3C)nc12
rxn:2:78738:138205	Cc1nc2scnn2c1CNC1CCCC(C2CC2)C1
rxn:2:106997:92107	Cc1nn(COC(C)(C)C)c(C)c1NC[C@@H]1CCO1
rxn:2:124729:76878	Cc1snnc1C(C)N[C@@H]1CCCC[C@@H]1n1ccnn1
rxn:2:134437:135605	CC(C)c1nscc1NC1CCCC1C(C)(C)C
rxn:2:104286:96551	CCn1ccc(NC2CCCC2(CC)CC)nc1=O
rxn:2:95606:66671	CC(NCCN1CCCC(F)(F)C1)c1cccnn1
rxn:2:104066:81291	CC(C)C(NC[C@@H]1C[C@H]1C(C)C)c1cnn(C)c1
rxn:2:78711:66557	CO[C@H]1CCCCC1Nc1cc(C)c2c(c1)ncn2C
rxn:2:93749:74326	COc1cc(C(C)Nc2cscc2OC)ccc1C
rxn:2:96604:109315	COCCC(C)(NC(C)c1cnco1)C1CC1
rxn:2:127228:118194	CCC(C)(CC)CNC1CCC12CCCCO2
rxn:2:75519:101881	CCC(NC(C)(C)C1CCC1)C12CC(C1)C2
rxn:2:80032:129772	CCCC(NC1CCN(C)C12CCC2)C(C)C
rxn:2:109184:118376	c1cc(NC2CCc3ccsc3C2)c(OC2CC2)cn1
rxn:2:138829:69918	CC(C)CC(C)C(C)(C)NC(C)c1cn(C)cn1
rxn:2:102859:84526	CCC1COC(CNC(CC)c2nnc[nH]2)C1
rxn:2:72955:81336	CCC(NC1C2CCC21)C1CCCN1C(C)C
rxn:2:68067:108380	COc1ccsc1C(C)N[C@@H](C)c1cc(C)c(C)o1
rxn:2:94254:128952	CC1CC(NCC2(F)CC(C)C2)C(C)(C)N(C)C1
rxn:2:83837:127910	CC(NC(C)c1nc(C(C)(C)C)no1)c1cccnc1
rxn:2:96711:71004	CC(C)C1CC(Nc2cccc3cnncc23)CCS1
rxn:2:79050:87875	c1cc(CNC2CCCc3occc32)n(C2CCC2)n1
rxn:2:92062:138926	Cc1nn(Cc2ccccn2)cc1NC1CC2(CC2)C1
rxn:2:78520:99398	CCc1ccccc1NC(C)c1cc(C)nn1CC
rxn:2:141569:138589	COc1ccn2nc(NCC3OCCC3(C)C)nc2c1
rxn:2:89227:85589	CC(CNC1CC[C@@H]2[C@H]1C2(F)F)c1cccc(=O)[nH]1
rxn:2:109799:68842	CCCOc1ccc(NC2CCCCCCC2)nn1
rxn:2:97373:96961	CCCS(=O)(=O)C1CCCC1NC(C)c1cnsc1
rxn:2:104401:73350	CS(=O)(=O)C1CCCC(N[C@@H]2C[C@H]2c2cccnc2)C1
rxn:3:64509:2088:141744	CCCC(C)(C)c1cn(-c2cncc(C(=O)NC3CC(C)C3)c2)nn1
rxn:3:58396:1912:98525	CN(C)C(C)(C)c1cn(-c2ccccc2C(=O)N[C@@H]2[C@H]3CCCO[C@H]32)nn1
rxn:3:40856:4275:104163	CCC(NC(=O)C1(n2cc(CN3CCC(C)C3)nn2)CC1)C1CC1(C)C
rxn:3:59969:11743:123072	CC1(C)CCC1CNC(=O)[C@@]12C[C@@H](n3cc(Cc4cccc(F)c4)nn3)[C@@H]1C2
rxn:3:62479:8541:81292	CC(F)CCNC(=O)C(C(C)C)n1cc(-c2cc(F)c(C#N)c(F)c2)nn1
rxn:3:61928:39331:100551	COCC1(C)CCCC1NC(=O)[C@@H](C(C)C)n1cc(C=CC(C)C)nn1
rxn:3:62466:8711:118169	CSC(C)C(C)NC(=O)C1CCC(n2cc(C3CC3(C)C)nn2)C2CCC12
rxn:3:59446:32462:75206	C[C@H](NC(=O)[C@H]1C[C@@H](n2cc(-c3nccc(C(F)F)n3)nn2)C1)C1CC1(C)C
rxn:3:46257:787:110352	CCNC(=O)c1cccc(C=CCCn2cc(C3CCN(C)CC3)nn2)c1C
rxn:3:61524:29488:87295	CC(C)Cc1ccc(-c2cn(C3(C(=O)NC[C@@H]4C[C@H]4C)CCCC3)nn2)cc1
rxn:3:59446:31339:74260	CCC1(C)CC(CNC(=O)[C@H]2C[C@@H](n3cc(-c4ncc5n4CCCC5)nn3)C2)O1
rxn:3:61929:2210:85900	C[C@H](C(=O)NCc1coc2c1CCCC2)n1cc(C(C)(C)N2CCCCC2)nn1
rxn:3:40792:31532:120442	CC1(NC(=O)Cc2ccccc2C=CCn2cc(C3(F)CCC3)nn2)CSC1
rxn:3:61523:30291:83045	Cc1nn(C)c(C)c1-c1cn(C2(C(=O)N[C@H](C)c3cccs3)CCC2)nn1
rxn:3:61929:2710:116251	CCC1CC1(C)NC(=O)[C@@H](C)n1cc(Cc2cccc(C(F)(F)F)c2F)nn1
rxn:3:40563:38411:118408	CC1(c2cn(CC=Cc3cnccc3C(=O)NC3(C4CC4)CCCC3)nn2)CC1
rxn:3:49485:39269:118925	COc1cccc(S(=O)(=O)F)c1NC(=O)C1CC(n2cc(C3CCC3)nn2)C1
rxn:3:61929:17601:77400	COC1(CNC(=O)[C@@H](C)n2cc(-c3cc(C4CC4)n(C)n3)nn2)CCOC1(C)C
rxn:3:49485:8620:82782	C[C@@H]1[C@@H](NC(=O)C2CC(n3cc(C4(N(C)C)CCC(F)(F)CC4)nn3)C2)C1(F)F
rxn:3:40856:27804:100710	Cc1ccc2cnccc2c1-c1cn(C2(C(=O)NC(C)C3CSC3)CC2)nn1
rxn:3:62550:8614:97085	CC(C)C(c1cn(C[C@@H]2CC[C@H]2C(=O)NC2(C)CCCC(C)(C)C2)nn1)N(C)C
rxn:3:40786:31361:81341	N#CC1CC(c2cn(CC=Cc3ccc(CC(=O)NC[C@H]4CCO4)cc3)nn2)C1
rxn:3:62550:6829:138231	C[C@H]1C[C@@H](NC(=O)[C@@H]2CC[C@H]2Cn2cc(Cn3cc(C#N)c(C(F)(F)F)n3)nn2)C1
rxn:3:61524:32036:76588	CSC1CCC(NC(=O)C2(n3cc([C@@]45CCCN4C[C@H](F)C5)nn3)CCCC2)CC1
rxn:3:62154:17622:91000	CC1CC1C1CC1NC(=O)[C@H](C)n1cc(-c2cc(C3CCC3)n(CCF)n2)nn1
rxn:3:63988:39292:132341	CSCc1cn(CC2CC(=O)N(CC(=O)NCC3CCc4sccc43)C2)nn1
rxn:3:64208:1079:126771	Cc1cnccc1-c1cn(C(C)(C)CC(=O)N[C@@H](C)c2ccccc2C)nn1
rxn:3:64208:38873:128927	Cc1ccc(C)c(-c2cn(C(C)(C)CC(=O)NC(C)CCC3CCOC3)nn2)c1
rxn:3:60038:14995:95366	CCC(C)(CNC(=O)C1CCCC(n2cc(-c3cc4n(n3)CCCC4)nn2)C1)OC
rxn:3:61929:15618:67748	COC[C@@H](C)NC(=O)[C@@H](C)n1cc(-c2cn(C3CCSC3)nc2C(F)(F)F)nn1
rxn:3:48103:39292:90143	CSCc1cn(-c2ccccc2OCC(=O)NC2Cc3cocc3C2)nn1
rxn:3:49127:3026:81161	CCOC(Cn1cc(C(C)CSC)nn1)C(=O)Nc1ccccc1C1CC1
rxn:3:61795:32621:85508	CC(C)(Cn1cc([C@@H]2CCC(F)(F)C2)nn1)C(=O)NCC12CCC(CC1(F)F)C2
rxn:3:60054:6147:90711	CCCc1c(-c2cn(CC34CC(C(=O)NCC(F)C5CC5)(C3)C4)nn2)cnn1C
rxn:3:61524:39614:77128	CCOC(C)CNC(=O)C1(n2cc(C3(c4ccc(F)cc4)CCC3)nn2)CCCC1
rxn:3:58131:2758:67590	Cc1cccc(CCCn2cc(CC(F)F)nn2)c1C(=O)N[C@@H]1CC12CCOCC2
rxn:3:61929:3941:128305	CC[C@H](F)CNC(=O)[C@@H](C)n1cc(-c2cccc(-c3cccc(F)c3)c2)nn1
rxn:3:64208:18699:125072	CC1(C)COCC1NC(=O)CC(C)(C)n1cc(-c2cn(C3CCC3)nc2C2CC2)nn1
rxn:3:59957:18012:103214	C[C@@H](CC(=O)N[C@@H]1CCC[C@H]1F)n1cc(-c2nn(CC3CCC3)c3c2CCCC3)nn1
rxn:3:59969:23904:132491	COCC(NC(=O)[C@@]12C[C@@H](n3cc(-c4cc(F)cc(C(F)F)c4)nn3)[C@@H]1C2)C(C)C
rxn:3:60338:279:114903	CC(C)(C)CNC(=O)c1ccc(C(F)(F)F)c(-n2cc(Cc3nncs3)nn2)c1
rxn:3:62323:6584:83874	Cc1cc2n(n1)CCN(Cc1cn(CC(C)C(=O)NCC3CCCC(F)(F)C3)nn1)C2
rxn:3:50803:6385:111007	Cc1nccc(-c2cn(-c3ccc(C(=O)NC(C)C4CCCC(C)C4)cc3)nn2)n1
rxn:3:55246:39533:75519	CCC1(c2cn(CC3CC3c3sccc3C(=O)NC(C)(C)C3CCC3)nn2)CC1
rxn:3:53167:39780:92120	Cc1ccc(C(=O)N[C@@H](C)C2(C)CCCC2)c(-n2cc(-c3cc(C)ncn3)nn2)c1
rxn:3:57887:23186:73636	Cc1cccc(NC(=O)c2ccc(CCCn3cc([C@H]4C[C@H]4C#N)nn3)nc2)c1
rxn:3:41310:23186:121859	CO[C@H]1CC[C@@H]1NC(=O)C1(c2cccc(C=CCn3cc([C@H]4C[C@H]4C#N)nn3)c2)CC1
rxn:3:50803:31848:111346	CCCCC1CCC(NC(=O)c2ccc(-n3cc([C@H]4[C@@H]5CCCC[C@@H]54)nn3)cc2)C1
rxn:3:52750:808:118246	Cc1ccc(C2CC2CCn2cc(CCCF)nn2)c(C(=O)N[C@]2(C)CCOC2)c1
rxn:3:61928:16860:92643	CC(C)[C@H](C(=O)NC1[C@@H]2C[C@@H]2[C@H]2C[C@@H]12)n1cc(-c2cnn(CCF)c2C2CCC2)nn1
rxn:3:50803:38642:130698	CC(C)(CNC(=O)c1ccc(-n2cc(C3(C)CCCCC3)nn2)cc1)CC1(C)COC1
rxn:3:40786:3157:108125	CO[C@H]1C[C@H]1NC(=O)Cc1ccc(C=CCn2cc(C(C)(C)C(C)(F)F)nn2)cc1
rxn:3:57885:4275:83547	CC1CCN(Cc2cn(CCCc3cc(C(=O)N[C@@]45CCOC[C@@H]4C5)ccn3)nn2)C1
rxn:3:49115:23151:95603	CCN1CC(Cc2cn(CC(OC)C(=O)N[C@H](c3ccc(C)o3)C(C)(C)C)nn2)C1
rxn:3:64608:12191:126683	O=C(NC1CSC1)c1ccc(N2CC(Cn3cc([C@H]4CCC[C@H]4F)nn3)CC2=O)cc1F
rxn:3:60637:2088:119954	CCCC(C)(C)c1cn(-c2ccc(OC)c(C(=O)NC3CC4CC3CC4OC)c2)nn1
rxn:3:45142:7660:134413	CC1(NC(=O)COc2ccc(-n3cc(-c4cnccc4C#N)nn3)cc2)CCCO1
rxn:3:61523:1068:111163	CCc1nc(-c2cn(C3(C(=O)NCC4COc5cscc5O4)CCC3)nn2)cs1
rxn:3:49485:38467:133765	CN(Cc1cn(C2CC(C(=O)NC3Cc4ccc5c(c4C3)OCO5)C2)nn1)C1CCCCC1
rxn:3:49156:31991:71615	COCC(C(=O)NC[C@@H]1OC[C@@H]2COCC[C@@H]21)n1cc(-c2ccccc2C(F)F)nn1
rxn:3:64208:23146:118342	Cc1ccsc1C1CC1CNC(=O)CC(C)(C)n1cc(C2CN(CC(C)C)C2)nn1
rxn:3:62323:18626:130432	CCC12CCC(NC(=O)C(C)Cn3cc(-c4cn(C(C)C(C)(C)C)nc4C)nn3)(CO1)C2
rxn:3:45142:2659:70466	CC(C)(F)C(C)(C)c1cn(-c2ccc(OCC(=O)NCC3CCC34CCC4)cc2)nn1
rxn:3:48101:2123:75023	CCCCC1(NC(=O)COc2cccc(-n3cc(C4CCC(F)(F)C4)nn3)c2)CC1
rxn:3:59957:6386:123344	C[C@@H](CC(=O)NC[C@H]1C[C@H](CS(C)(=O)=O)C1)n1cc(-c2nnc(C3CC3)s2)nn1
rxn:3:40002:491:113691	Cc1cnc(-c2cn(CC=Cc3ccsc3C(=O)NC3COC(C)C3)nn2)c(C)n1
rxn:3:62550:12144:124657	CC1CCC(C(C)(C)NC(=O)[C@@H]2CC[C@H]2Cn2cc(C(F)(F)c3cnn(C)c3)nn2)CC1
rxn:3:46057:1179:106596	Cn1cccc1-c1cn(CCC=Cc2cccc(C(=O)NC3C4CCOC43)n2)nn1
rxn:3:63988:390:100517	CCSC1CC(NC(=O)CN2CC(Cn3cc(-c4cnc(C)c(C)c4)nn3)CC2=O)C1
rxn:3:62154:17850:90861	Cc1ccc(-n2ccnc2-c2cn([C@@H](C)C(=O)NCCC3CCCCO3)nn2)cc1
rxn:3:61524:23174:75965	O=C(NC1(C2CC2)CCCOC1)C1(n2cc(C3CCN(CC(F)F)CC3)nn2)CCCC1
rxn:3:59818:23164:141994	CC[C@H]1CC[C@@H](NC(=O)c2cc(-n3cc(C4CCN(CC(F)F)C4)nn3)ccc2F)CC1
rxn:3:57884:12104:140124	CCc1cn(CCCc2cccnc2C(=O)NC(c2ccco2)C(C)(C)C)nn1
rxn:3:58396:37853:75917	CN(C)c1ccc(-c2cn(-c3ccccc3C(=O)N[C@@H]3CCCCC3(C)C)nn2)s1
rxn:3:55915:38467:89067	CN(Cc1cn(Cc2ccc(C(=O)N[C@H]3CCO[C@@H]3C3CC3)cc2)nn1)C1CCCCC1
rxn:3:40057:31814:103481	CN(C)CC1(c2cn(CC=Cc3ccc(C(=O)N[C@@H]4CC[C@H]5C[C@@H]4C5(C)C)o3)nn2)CC1
rxn:3:61929:4438:68743	CCN(Cc1cn([C@H](C)C(=O)NC23CC(C4CCCCC4)(C2)C3)nn1)C1CCCCC1
rxn:3:40555:6549:115276	CC(C)(C#N)Cc1cn(CC=Cc2ccc(C(=O)N[C@H]3C[C@@H](OC(C)(C)C)C3)nc2)nn1
rxn:3:55586:3297:98161	Cc1cc(C(=O)NCCC2(C)CCOC2)sc1C1CC1Cn1cc(C2(C)CCC2)nn1
rxn:3:59897:6155:131719	CSC(CNC(=O)c1cccc(Cn2cc(-c3nnn(C)n3)nn2)n1)C1CC1
rxn:3:62323:7626:79755	CCC(C)(C)C1CCC(NC(=O)C(C)Cn2cc(-c3cc(C#N)ccc3F)nn2)C(F)C1
rxn:3:64208:31855:133418	CC(C)SCc1cccc(NC(=O)CC(C)(C)n2cc(C3CC(C)(C)C3)nn2)c1
rxn:3:61795:2196:115348	CCOc1ccc(NC(=O)C(C)(C)Cn2cc(C3CCCCN3C)nn2)c(SC)c1
rxn:3:43458:38334:92503	CCOCC(C(=O)NC1(C)CCCC1CC)n1cc(-c2ccc(C(C)(C)C)cc2)nn1
rxn:3:61928:2877:136903	C=Cc1ccc(-c2cn([C@@H](C(=O)NCC(F)c3ccccc3)C(C)C)nn2)cc1
rxn:3:53780:38940:108991	CO[C@@H]1CCOC[C@@H]1NC(=O)c1ncccc1OCCn1cc(CC2CCCC2)nn1
rxn:3:58343:927:73845	CC(C)(C#N)CCc1cn(CCCc2cc(F)c(F)cc2C(=O)NC2(C)CC2F)nn1
rxn:3:56474:7761:109503	CC1(c2cn(CC3CC3c3cc(F)c(C(=O)NC4CCO4)c(F)c3)nn2)CCCN1C1CC1
rxn:3:55763:31814:70502	CN(C)CC1(c2cn(CC3CC3c3cnc(C(=O)NC45CCC(C4)OC5)nc3)nn2)CC1
rxn:3:56510:12104:111267	CCc1cn(CC2CC2c2ccc(C(=O)NCC3(CC)CC(F)(F)C3)c(OC)c2)nn1
rxn:3:40563:6386:128229	C[C@H]1OC[C@@H]1NC(=O)c1ccncc1C=CCn1cc(-c2nnc(C3CC3)s2)nn1
rxn:3:58396:35036:126652	COCC1(COC)CC(NC(=O)c2ccccc2-n2cc(-c3ccncc3)nn2)C1
rxn:3:63988:18720:76282	COCC1(NC(=O)CN2CC(Cn3cc(-c4ncc(F)c(C)c4F)nn3)CC2=O)CCC1
rxn:3:50430:337:81673	CCCNC(=O)c1cncc(C2C(Cn3cc(Cc4ccncc4)nn3)C2(F)F)c1
rxn:3:60638:23729:69809	CCOC1(CNC(=O)c2ccc(-n3cc(CC4CSC4)nn3)cc2C)CCC(CC)C1
rxn:3:62154:6999:98926	CCC[C@@H](NC(=O)[C@H](C)n1cc(-c2nccnc2C#N)nn1)c1ccc2c(c1)CCO2
rxn:3:41045:11636:137053	CN(C)Cc1cn(CC=Cc2cc(F)ccc2CC(=O)NCC2COC3(C)CC2C3)nn1
rxn:3:49115:39010:83548	COC(Cn1cc(-c2cncc(C)n2)nn1)C(=O)NC(C)COc1ccccc1
rxn:3:55887:31836:77182	Cc1cc(C#N)ncc1-c1cn(CC2CC2c2ccnc(C(=O)N[C@H]3CC3(C)C)c2)nn1
rxn:3:59969:6425:139737	CSCC(C)(C)NC(=O)[C@@]12C[C@@H](n3cc(-c4ccc(-c5ccnn5C)s4)nn3)[C@@H]1C2
rxn:4:195017:229321	CCc1nc(-c2ccoc2Cl)cs1
rxn:4:195530:223460	Cc1nc(-c2csc(C(C)(C)F)n2)c[nH]1
rxn:4:217912:228230	Clc1cc(-c2cnn[nH]2)cnc1C1CC1
rxn:4:216413:229114	CCc1nc(-c2cc(C)ncc2F)n[nH]1
rxn:4:215312:229320	N#CCn1cc(-c2cc(F)cs2)cn1
rxn:4:207973:223442	CNc1ccc(-c2nc(C#N)co2)cc1
rxn:4:195275:229284	c1cncc(-c2ncsc2C2CC2)c1
rxn:4:211250:229076	Cc1cc(C#N)sc1-c1nc(C)c(C)[nH]1
rxn:4:205191:229231	CCCn1nccc1-c1cnc(CC)s1
rxn:4:191374:223467	N#CCc1c(F)cc(F)cc1-c1ncc[nH]1
rxn:4:216569:228921	CC(C)c1[nH]nnc1-c1ccc(C(F)F)nc1
rxn:4:208519:223471	Clc1cc(-c2cnn[nH]2)nc(C2CC2)n1
rxn:4:198109:229067	CCc1ncc(-c2nc(C)co2)cn1
rxn:4:194903:228788	COc1ccc(Cl)cc1-c1conc1OC
rxn:4:205307:223449	CCn1cc(-c2cc(=O)[nH]cc2F)nc1OC
rxn:4:211107:228734	COc1nccc(C)c1-c1nnco1
rxn:4:217916:228152	CCOc1ccc(Cl)cc1-c1cnnnc1
rxn:4:212273:223464	c1cc(-c2cnc3c(n2)CCCC3)c[nH]1
rxn:4:191437:229048	CCCc1ncc(-c2cnn3c2CCC3)s1
rxn:4:208364:229238	CCc1cnc(-c2ccsc2SC)nc1
rxn:4:208129:228736	COc1nc(C)ccc1-c1csc(S(N)(=O)=O)n1
rxn:4:176583:229342	O=S(=O)(CCF)c1ccc(-c2cnsc2)cc1
rxn:4:207976:228779	COc1ccc(F)cc1-c1csc(C#N)n1
rxn:4:198081:227575	COc1ccc(OC)c(-c2ncco2)c1F
rxn:4:211155:229276	Clc1cnc(-c2cncnc2Cl)cn1
rxn:4:208354:223345	CN(C)c1nc(-c2cccc3c2NC(=O)C3)cs1
rxn:4:211149:229136	Fc1cc(Cl)cc(-c2ccc(F)nn2)c1
rxn:4:205360:229283	FC(F)(F)c1n[nH]c(C2CC2)c1-c1ccncc1
rxn:4:204966:228921	N#CCc1ncc(-c2ccc(C(F)F)nc2)s1
rxn:4:208255:227067	CCc1cnc(-c2ccc(OC)cc2C2CC2)[nH]1
rxn:4:208743:229302	CC(C)(C)c1nnc(-c2ccnnc2)s1
rxn:4:216473:228548	CCCc1cncc(-c2nsc(N(C)C)n2)c1
rxn:4:211238:228864	CCOc1ncc(-c2cn(C)nc2C)cn1
rxn:4:191335:229225	CCn1cc(-c2ccc(Cl)c(CC#N)c2)cn1
rxn:4:208344:228793	COc1cc(Cl)cc(-c2cnn(C3CC3)c2)c1
rxn:4:198374:229276	O=C1CCc2nc(-c3cnc(Cl)cn3)sc21
rxn:4:198080:228481	FC(F)(F)c1cc(-c2cnco2)ccn1
rxn:4:216878:229012	CC(C)c1ccsc1-c1nc(C(C)C)n(C)n1
rxn:4:205212:223465	COC(=O)c1cc(-c2ccn[nH]2)nn1C
rxn:4:211197:228160	CCOc1cccc(F)c1-c1nn(C)cc1F
rxn:4:195033:228991	CCCc1sccc1-c1ccnc(CF)c1
rxn:4:195046:228566	CC(C)Cc1sccc1-c1csc(S(C)(=O)=O)n1
rxn:4:208702:228887	CCn1cc(C)c(-c2cc(C#N)ncc2Cl)n1
rxn:4:216600:222420	CC(C)c1ncnc(-c2ccccc2S(N)(=O)=O)n1
rxn:4:188418:229344	CCOc1c(C#N)cc(F)cc1-c1cocn1
rxn:4:216414:228575	CCn1ncnc1-c1ccc(C#N)c(C)c1
rxn:4:195019:228324	CCc1cc(-c2cc(OC)ncc2OC)on1
rxn:4:208357:227762	COc1[nH]nc(C)c1-c1cccc(Cl)c1C(F)(F)F
rxn:4:192024:229309	Cc1ncc(-c2cc(OC3COC3)ccn2)o1
rxn:4:216466:228516	CCc1cc(C)cc(-c2cn(C3CC3)nn2)c1
rxn:4:188704:229204	CCOC(=O)c1[nH]c(C)cc1-c1ccsc1CC
rxn:4:195737:229177	COc1cnc(-c2c(F)cncc2F)c(C)c1
rxn:4:195688:228609	COc1cc(-c2cc(S(N)(=O)=O)ccc2F)ccc1C
rxn:4:198244:228323	CCOc1nccc(-c2cncc(C)c2Cl)c1F
rxn:4:195301:228682	CCCc1ncncc1-c1cc(Cl)c(OC)cn1
rxn:4:208816:228625	CCc1ccc(-c2cc(C)c(S(N)(=O)=O)cn2)c(F)c1
rxn:4:208719:229054	COCc1cc(-c2cnc(C3COC3)nc2)cs1
rxn:4:191644:228975	CCOc1cccnc1-c1cnn(C(F)(F)F)c1
rxn:4:179352:223439	FC(F)(F)c1cc(-c2cccc(OC3COC3)c2)n[nH]1
rxn:4:208299:227719	NS(=O)c1cncc(-c2ccc(Cl)c(OC(F)F)c2)c1
rxn:4:186084:229342	CCOc1cc(C#N)cc(-c2cnsc2)c1OC
rxn:4:198247:228617	COc1cccc(C)c1-c1cc(C)ncc1Cl
rxn:4:211137:222900	Cc1nsc(-c2csc(CNC(=O)OC(C)(C)C)c2)n1
rxn:4:191659:228793	COCc1cccnc1-c1cc(Cl)cc(OC)c1
rxn:4:211110:223394	c1cc(-c2ncns2)c2[nH]ccc2c1
rxn:4:211152:227979	COc1cc(C)cc(C)c1-c1cncc(F)n1
rxn:4:195520:229047	CCc1ccc(-c2c(C)sc(C)c2C)cn1
rxn:4:208111:227352	COC(=O)c1ccc(C)cc1-c1cnc(OC)[nH]1
rxn:4:198073:227339	COC(=O)c1cc(C)ccc1-c1ccns1
rxn:4:207976:227046	Cc1cc(OC(C)C)cc(-c2csc(C#N)n2)c1
rxn:4:211153:227960	Fc1nccnc1-c1ccncc1C1CCC1
rxn:4:216413:227225	CCc1nc(-c2ccc(SCC(C)C)nc2)n[nH]1
rxn:4:209646:223455	c1cnc(-c2cnn(C3CCCCC3)c2)cn1
rxn:4:211230:223285	Cc1cc(-c2ccccc2NS(C)(=O)=O)nc(Cl)n1
rxn:4:192137:229141	COCc1cnc(-c2ccc(F)cc2Cl)c(C)c1
rxn:4:198105:226560	CCOc1cc(F)c(-c2cc(C)on2)cc1OC
rxn:4:181454:229147	COCn1ccc(-c2cc(C)cc(F)c2OC)n1
rxn:4:205491:229315	Cc1ncoc1-c1cncc(C(=O)N(C)C)c1
rxn:4:179578:229243	COCc1cc(-c2cn(C)nc2C)c(C)cc1F
rxn:4:208723:228499	Cn1nc(C(F)(F)F)cc1-c1ccc(S(C)(=N)=O)nc1
rxn:4:215420:228747	CCC(C)n1cnnc1-c1c(F)cccc1C#N
rxn:4:216566:228148	COc1cccc(-c2cn(C(C)C)nn2)c1OC
rxn:4:194907:228831	CSc1ncc(-c2ccc(F)c(C)c2Cl)s1
rxn:4:216378:223128	N#Cc1cnc(-c2ccc(CNC3CC3)c(F)c2)cn1
rxn:4:188062:229346	CCOC(=O)c1cnoc1-c1cnon1
rxn:4:208013:228322	CCOc1ncc(-c2ccnc(C#N)c2)cc1F
rxn:4:217043:229338	Clc1ncc(-c2ccns2)c(N2CCCC2)n1
rxn:4:208017:228170	CCOc1ccc(F)cc1-c1cc(C#N)ccn1
rxn:4:198278:229124	Cc1ncc(-c2nccc(F)c2C)cc1F
rxn:4:196519:223438	FC(F)(F)c1[nH]ncc1-c1ccc(C2CCOC2)nc1
rxn:4:211143:222996	Fc1ccc(-c2cnnc(Cl)c2)c(C2CCCNC2)c1
rxn:4:208471:228697	COCc1cc(-c2cc(C#N)n(C)c2C)ccn1
rxn:4:181102:223346	COc1cc(-c2ccc3c(c2)CNC3=O)c(F)cc1Cl
rxn:4:189071:229299	Cn1ccc(-c2ccc(OCC3CCC3)nc2)n1
rxn:4:196207:223421	CNC(C)c1ccc(-c2cnc(C3CCCC3)s2)s1
rxn:4:203280:229255	CCN(CC)c1cncc(-c2ccncc2F)c1
rxn:4:194983:229290	Cc1sccc1-c1c(F)ccc(F)c1C#N
rxn:4:191340:223349	N#CCc1cccc(Cl)c1-c1cccc2c1C(=O)NC2
rxn:4:220592:227892	CC(C)n1nnc(-c2ccc(CN(C)C)cc2)n1
rxn:4:217032:229268	Cc1cc(-c2ncnc(C3CCCC3)n2)sc1Cl
rxn:5:194943:229341:229286	Cn1ccc(-c2ccc(-c3ccon3)cc2C#N)c1
rxn:5:195674:229336:229232	CCc1ncsc1-c1ccc(-c2cncs2)cc1S(N)(=O)=O
rxn:5:181413:229345:229224	CCn1nccc1-c1cc(C)c(OC)c(-c2ccno2)c1
rxn:5:198279:229344:228928	Cc1c(-c2cocn2)cncc1-c1cccnc1C(F)F
rxn:5:181062:229339:222419	COc1ccc(-c2cccc(S(N)(=O)=O)c2)cc1-c1nccs1
rxn:5:177086:229346:229331	CCCCc1ccc(-c2cccs2)c(-c2cnon2)c1
rxn:5:198242:229273:223400	CNCc1cccc(-c2ccc(C)c(-c3scnc3OC)n2)c1
rxn:5:198234:229291:229236	COc1csc(-c2nccc(C)c2-c2cc(C)cs2)c1
rxn:5:181622:229344:229294	Cc1cc(-c2ccc(C3OCCO3)cc2-c2cocn2)co1
rxn:5:191681:229211:229311	CCOc1cc(-c2cnc(C)s2)cnc1-c1cccnc1C
rxn:5:198124:228967:229200	Cc1cccc(-c2cccnc2-c2cn(C)nc2C(F)F)c1
rxn:5:182440:229211:228757	COc1cnc(C)cc1-c1ccccc1-c1cccnc1C
rxn:5:198235:229115:223399	CNCc1ccccc1-c1cc(-c2cc(F)cnc2C)c(C)cn1
rxn:5:196081:228197:223467	CC(C)c1cc(-c2cnc(C(C)(C)C)nc2)cnc1-c1ncc[nH]1
rxn:5:198121:229063:228987	Cc1cc(C)cc(-c2ncccc2-c2ccncc2C#N)c1
rxn:5:194946:229207:229071	COc1cc(-c2cccc(-c3ccnc(C)c3)c2C#N)ccn1
rxn:5:198125:228865:223398	CCOc1cnc(-c2ccnc(-c3ccc(CNC)cc3)c2)cn1
rxn:5:182503:228712:229248	Cc1ccc(-c2c(C)cnn2C)c(-c2ccnn2C2CCC2)c1
rxn:5:181066:229241:223421	CNC(C)c1ccc(-c2ccc(-c3cnn(C)c3C)cc2OC)s1
rxn:5:198125:228252:229266	COc1ccc(C)c(F)c1-c1ccnc(-c2oc(C)nc2C)c1
rxn:5:182898:229341:229137	Fc1cccc(F)c1-c1cc(-c2ccon2)cc2c1CCC2
rxn:5:182711:229073:229297	COc1cnccc1-c1cc2c(cc1-c1cncnc1)C(=O)CO2
rxn:5:198245:227984:229284	COc1ccc(-c2c(-c3cccnc3)ccnc2C)c(C)c1C
rxn:5:195028:223454:227657	CCc1nc(-c2ccc(N3CCOCC3)s2)sc1-c1ccc[nH]c1=O
rxn:5:195465:223437:229003	COc1cccc(-c2c(C#N)ccc(-c3cc(C#N)[nH]c(=O)c3)c2C)c1
rxn:5:195300:223468:225637	COc1cc(-c2c[nH]cn2)ncc1-c1ccccc1N1CCN(C)CC1
rxn:5:195320:229308:227947	COc1ccc(-c2c(C)cc(C#N)cc2C)c(-c2cc(C)no2)n1
rxn:5:181410:229037:223457	Cc1cc(-c2ccc(C3CC3)cc2-c2ccc(C)c(F)c2)[nH]n1
rxn:5:198249:228154:229255	COc1cccc(OC)c1-c1c(C)cncc1-c1ccncc1F
rxn:5:195524:223462:226685	CCc1cc(-c2cc(C)[nH]n2)cnc1-c1cnc(C2CCOCC2)nc1
rxn:5:191699:229345:228145	CCOc1ncc(-c2cc(OC)ccc2C#N)cc1-c1ccno1
rxn:5:195650:229299:229166	CC(=O)n1cc(-c2ncc(-c3ccn(C)n3)cc2S(C)(=O)=O)cn1
rxn:5:195651:228987:229294	Cc1cc(C)cc(-c2cc(S(C)(=O)=O)cnc2-c2coc(C)c2)c1
rxn:5:198229:229338:226652	Cc1cnc(-c2ccns2)c(-c2cc(C)nn2C2CCCCO2)c1
rxn:5:195363:229131:223343	COc1ncc(-c2ccc(F)cc2F)cc1-c1ccc2c(c1)NC(=O)C2
rxn:5:178993:229339:223264	CCOc1cccc(-c2nccs2)c1-c1ccc(F)c(C(=O)NC)c1
rxn:5:191677:223231:229300	CCOc1cc(-c2cncn2C)ncc1-c1ccc(C(=O)NC)c(C)c1
rxn:5:181062:228013:229340	COc1ccc(-c2ncco2)cc1-c1ccc(F)c(C2CC2)c1
rxn:5:179537:228877:223456	CCOc1cc(C)c(-c2ccnn2C2CC2F)cc1-c1ccc(=O)[nH]n1
rxn:5:198125:228256:222419	COc1cc(-c2ccnc(-c3cccc(S(N)(=O)=O)c3)c2)cc(C)c1F
rxn:5:199168:228576:229344	Cc1ccc(C#N)cc1-c1cnc(-c2cocn2)c2c1CCCC2
rxn:5:195306:223286:229289	COc1ccc(-c2cscc2C)nc1-c1cccc(NS(C)(=O)=O)c1
rxn:5:198085:225934:229296	Cn1cc(-c2cnc(-c3cnc(C(F)(F)F)c(C4CC4)c3)s2)cn1
rxn:5:198279:229290:228155	COc1ccc(-c2cncc(-c3ccsc3C)c2C)cc1OC
rxn:5:188069:228066:229337	N#CCOc1ccc(-c2ccc3c(c2)OCCO3)cc1-c1cnco1
rxn:5:194943:229340:222957	Cc1cc(-c2ccc(-c3ncco3)cc2C#N)cc(C2CCCNC2)c1
rxn:5:182580:223467:226441	Cc1ccc(-c2ncc[nH]2)c(C)c1-c1ccc(N2CCCC2)cc1F
rxn:5:198234:229285:228629	Cc1ccnc(-c2ccc(C3CCC3)s2)c1-c1cccn1C
rxn:5:198232:229266:227438	Cc1ccc(-c2oc(C)nc2C)c(-c2ccnc(C3CCOC3)c2)n1
rxn:5:198236:229280:228644	Cc1cc(-c2cnc(F)nc2)cc(-c2cc(C)c(F)c(C)c2)n1
rxn:5:191332:229283:227858	CN1Cc2cccc(-c3cc(CC#N)ccc3-c3ccncc3)c2C1
rxn:5:181204:228728:229303	COc1ncc(-c2cc(C(C)=O)cc(-c3ncccn3)c2)cc1C
rxn:5:195305:229336:226322	COc1ccc(-c2cncs2)nc1-c1ccc(C(=O)N(C)C)cc1C
rxn:5:181326:229340:227953	Cc1cc(N(C)C)ccc1-c1cc(-c2ncco2)cc(S(C)(=O)=O)c1
rxn:5:195650:229224:229177	CCn1nccc1-c1cnc(-c2c(F)cncc2F)c(S(C)(=O)=O)c1
rxn:5:179395:229270:229301	COC(=O)c1cc(C)c(-c2cccnn2)c(-c2cnc(C#N)s2)c1
rxn:5:196618:229339:229057	O=C1CCCN1c1cc(-c2nccs2)ccc1-c1cnn(C2CC2)c1
rxn:5:194950:228865:229163	CCOc1cnc(-c2cc(-c3cnnc(OC)c3)ccc2C#N)cn1
rxn:5:198129:227038:229281	COc1ccc(C(C)C)cc1-c1nc(-c2cnc(F)cn2)sc1C
rxn:5:198084:226038:229337	COc1cc(C(F)(F)F)c(F)cc1-c1cnc(-c2cnco2)s1
rxn:5:181077:229338:229137	CSc1ccc(-c2c(F)cccc2F)c(-c2ccns2)c1
rxn:5:198122:229121:227566	COc1ccc(-c2ccc(-c3cncc(F)c3C)nc2)c(OC)c1F
rxn:5:198243:228778:228896	COc1cccc(-c2ccnc(-c3cnc(OC)c(F)c3)c2C)c1F
rxn:5:198251:225657:229339	Cc1cc(-c2ccc(C)c(-c3nccs3)n2)ccc1N1CCOCC1
rxn:5:198239:229308:227062	CCOc1ccc(-c2ccc(C)nc2-c2cc(C)no2)c(C)c1C
rxn:5:181326:229076:229281	Cc1cc(C#N)sc1-c1cc(-c2cnc(F)cn2)cc(S(C)(=O)=O)c1
rxn:5:198088:229270:225657	Cc1cc(-c2csc(-c3cnc(C#N)s3)n2)ccc1N1CCOCC1
rxn:5:198086:227717:229071	COc1cc(-c2ncsc2-c2ccc(F)cc2OC(F)F)ccn1
rxn:5:198241:228704:228688	CCOc1cnccc1-c1cc(C)cc(-c2c(C)nn(CC)c2C)n1
rxn:5:192493:229338:228504	CN(C)Cc1cc(-c2ccns2)ccc1-c1cccc2c1CCC2
rxn:5:195310:228619:229335	CCc1cc(-c2ncc(-c3cscn3)cc2SC)ccc1F
rxn:5:198438:223467:228978	CCc1ccc(-c2ccc3nc(-c4ncc[nH]4)oc3c2)cc1
rxn:5:179194:229159:229230	COc1ncc(-c2ccc(-c3cc(C#N)cs3)cc2OC2CC2)cn1
rxn:5:191516:223398:229249	CNCc1ccc(-c2c(C(=O)OC)ccnc2-c2cnnc(C)c2)cc1
rxn:5:180022:223451:229330	COc1c(-c2ccsc2)ccc(-c2ccccc2)c1C1OCCO1
rxn:5:195326:228866:229206	CCc1cc(-c2c(OC)ccnc2-c2c(COC)noc2C)cs1
rxn:5:176594:229071:229283	COc1cc(-c2ccc(OCC(C)=O)cc2-c2ccncc2)ccn1
rxn:5:179191:229067:229120	CCc1ncc(-c2ccc(-c3cccn(C)c3=O)c(CC(C)=O)c2)cn1
rxn:5:181281:228131:229285	CCc1ccc(-c2cc(F)cc(CC#N)c2)cc1-c1cccn1C
rxn:5:191338:227125:229296	Cn1cc(-c2ccc(CC#N)cc2-c2ccccc2C2CCOC2)cn1
rxn:5:198323:229227:228573	Cc1cc(C#N)ccc1-c1cc(C)c(-c2csc(C#N)c2)c(C)n1
rxn:5:195317:229064:228556	COCc1ccc(-c2nc(OC)ccc2-c2ccnn2C2CC2)cc1
rxn:5:182499:228706:229008	Cc1ccc(-c2ccc(CF)cc2)cc1-c1ccnc(N(C)C)c1
rxn:5:191357:229240:228263	COC(=O)c1[nH]cc(-c2ccc(C(C)(F)F)cc2)c1-c1cnc(C)nc1
rxn:5:195434:229304:228019	CC(=O)c1ccc(C)c(-c2nc(C(C)=O)ccc2-c2ccncn2)c1
rxn:5:195317:229216:228400	COc1ccc(-c2ccccc2F)c(-c2ccc(F)c(F)c2OC)n1
rxn:5:192569:229282:223439	O=C(c1ccc(-c2cc(C(F)(F)F)[nH]n2)c(-c2ccccc2)c1)N1CCC1
rxn:5:195311:228876:228708	COc1c(-c2cnn(C3CC3F)c2)ccnc1-c1cncnc1C1CC1
rxn:5:198088:227197:228693	CCN(C)c1ccc(-c2csc(-c3ccc4c(c3)C(=O)N(C)C4)n2)s1
rxn:5:182846:229206:229146	CCc1cc(-c2cc3c(c(-c4cnn(COC)c4)c2)C(=O)CC3)cs1
rxn:5:195528:226966:223437	CCc1cnc(-c2ccc3c(c2)C(=O)CCC3)cc1-c1cc(C#N)[nH]c(=O)c1
rxn:5:191700:228778:229048	COCc1ncc(-c2cccc(OC)c2F)cc1-c1cnn2c1CCC2
rxn:5:196169:223445:229071	COc1cc(-c2cc(S(N)(=O)=O)c(-c3c[nH+]ccc3OC)cc2C)ccn1
rxn:5:188381:229005:229296	CCOC(=O)c1ccc(-c2ccccc2OC)nc1-c1cnn(C)c1
rxn:5:179397:229310:229049	COC(=O)c1cc(-c2csc(C)n2)c(C)c(-c2cnc3n2CCC3)c1
rxn:5:195522:229340:226753	CCc1cc(-c2ccc(OC)cc2C(F)(F)F)c(-c2ncco2)cn1
rxn:5:191512:229048:229202	CCc1ccc(-c2cnc(C(=O)OC)cc2-c2cnn3c2CCC3)s1
rxn:5:192236:229235:223454	COc1cc(-c2ccc[nH]c2=O)c(S(N)(=O)=O)cc1-c1sccc1OC
rxn:5:191497:227891:229337	COC(=O)c1cc(-c2cnco2)ncc1-c1ccccc1CN(C)C
rxn:5:182737:223452:227385	Cc1nc(C(C)(C)C)ncc1-c1cc2c(cc1-c1c(C)n[nH]c1C)OCC2
