rxn:2:114864:136479	Cc1conc1NC1CCSC(C)C1
rxn:2:71837:84526	CCC1COC(CNc2csnc2C)C1
rxn:2:67607:134208	Cc1ccc(C(C)Nc2ncsn2)c(C)n1
rxn:2:114385:96265	CSC1CC(NCc2cc3cnccc3s2)C1
rxn:2:81969:127762	CC1OCCC1Nc1nnc(C2COC2)s1
rxn:2:95697:138812	FC1CCC(NC2CCn3cncc32)C1
rxn:2:111693:122245	CC(NC(c1cccs1)C1CC1)c1csnn1
rxn:2:76863:111773	COc1ccnc(C(C)NC2CCCC2)c1
rxn:2:91068:114552	CN(CCNC1CCOCC1)c1nccs1
rxn:2:116824:121253	Cc1cnn(C2CCC2)c1NC1CSC(C)C1
rxn:2:108370:98873	CC1(C)COC1c1cccc(NC2CC2)c1
rxn:2:123522:100219	Cc1noc(NC2CCCC3CCCC32)n1
rxn:2:90143:141545	CC1CCCC(NC2Cc3cocc3C2)C1
rxn:2:102751:86627	CC1Cn2nccc2C1NCC(F)C(C)(C)C
rxn:2:92898:133854	CC[C@H]1OC[C@@H]1NC1CCOC(C)(C)C1
rxn:2:127280:117258	CC(N[C@@H](C)c1nccn1C)c1ccn(C)n1
rxn:2:94820:113291	Cc1cc(C(C)NC2C[C@@H]3CC[C@H]2C3)nn1C
rxn:2:95588:96015	CC1CCC1NCc1cn(C2CC2)ccc1=O
rxn:2:107065:98187	CC(C)OCn1cc(NC2CCC[C@@H]2F)cn1
rxn:2:74427:95085	CC(NCc1nc(C(C)(F)F)cs1)c1ncco1
rxn:2:93644:99881	C[C@H]1CC(Nc2cn[nH]n2)c2ccccc21
rxn:2:116225:110686	CC(C)c1ncsc1NC1CCC2(CCO2)CC1
rxn:2:110168:114686	Cc1nc(C(C)NCC2(F)CC(F)(F)C2)cn1C
rxn:2:128196:71586	CC1CC(CNC2CC(c3ccsc3)C2)C(C)O1
rxn:2:92195:76956	CC(c1cc(NCC2CCO2)n(C)n1)C1CC1
rxn:2:133481:87875	CCc1nccc(NC2CCCc3occc32)n1
rxn:2:111131:96477	CC(NCC1C2CCC21)c1cccc2ncoc12
rxn:2:122046:117016	Cc1cnc(NC2CCCS(=N)(=O)C2)c(C)n1
rxn:2:74918:136479	CC1CC(NCc2n[nH]c3ncccc23)CCS1
rxn:2:73189:110686	CCCc1nonc1NC1CCC2(CCO2)CC1
rxn:2:134596:121253	Cc1cc2nc(NC3CSC(C)C3)sc2cc1C
rxn:2:83240:120114	CC(NC1CCCc2oncc21)c1ncn[nH]1
rxn:2:109734:131337	CC(N[C@H]1C[C@@](C)(F)C1)c1cccc2c1CCO2
rxn:2:94308:124134	CC1CC12CCCC2NCc1ncc(C2CC2)o1
rxn:2:122310:90537	CCc1cc(NC2CCCCC2C2CC2)cnn1
rxn:2:97980:100665	COc1ccc2c(c1)CCC(F)C2Nc1ccsn1
rxn:2:74168:115675	c1nc(C2CC2NC2CCCC23CCCS3)c[nH]1
rxn:2:132491:106329	COCC(NC1CC2CC1CC2F)C(C)C
rxn:2:165131:98801	Cc1ccc2c(=O)[nH]ccc2c1NC1CCC1
rxn:2:73001:137546	FC(F)(CNC1CCc2cnoc2C1)c1ccoc1
rxn:2:81891:96078	CCOc1nn(C)cc1NC1CC2CCN(C2)C1
rxn:2:110190:110791	COCc1nocc1CNC1C[C@@H](C)C[C@@H](C)C1
rxn:2:76200:112403	COc1ccccc1C[C@@H](C)NC1CC(F)(F)C1
rxn:2:77400:91066	COC1(CNC2COc3ccsc32)CCOC1(C)C
rxn:2:68915:134994	Cc1cn2nc(NC3CCC34COC4)ccc2n1
rxn:2:134404:94855	Cc1ccc(-n2nccn2)c(NC2CC3CC3C2)c1
rxn:2:79794:102802	Cc1cccnc1C(C)NC1COc2ccncc21
rxn:2:138820:115044	COc1c(CCNC(C)c2ccns2)cnn1C
rxn:2:113490:74582	CCC(N[C@H]1CCC[C@H]1N(C)C)C1COC1
rxn:2:115489:141558	CC(Nn1ccccc1=O)c1cc(C2CC2)ccn1
rxn:2:102933:78335	CCCc1cc(NC2CCc3ncoc32)c(C)cn1
rxn:2:135764:131279	CC[C@@H]1C[C@@H]1NC(C)c1cnc(-c2cc[nH]c2)s1
rxn:2:135339:68678	c1cc2c(CNC3C[C@@H]4COC[C@H]34)c[nH]c2cn1
rxn:2:77167:118314	CCCC(C)NC(C)c1cc2c(s1)CCCC2
rxn:2:102687:90316	FC1(F)c2ccccc2C1NCC1CC2COCC12
rxn:2:111091:129239	CCC1CCC(NC(C)(C)C2CCCCO2)C1
rxn:2:102561:138712	CCC(C)c1cc(NC2CC(S(C)(=O)=O)C2)n[nH]1
rxn:2:105914:100818	Cc1ccnc(C(NC2CC2C2CC2)C2CC2)c1
rxn:2:128771:130848	COc1ccc(C)c(NC2CC3CCC2CN3C)c1
rxn:2:121371:92737	c1nc(-c2nnc(NC3CCCC4CCC43)s2)c[nH]1
rxn:2:70825:76308	C[C@@H](NC1C[C@H]2CC[C@@H]1C2)c1ccc2c(c1)OCO2
rxn:2:128804:93770	CCC(Nc1nccc2c1C(C)OC2)C1=NCCC1
rxn:2:118443:125587	COc1cccc2c1OCC2NCc1ccnnc1
rxn:2:125857:138445	COc1nnc(C)cc1NC1CCOC12COC2
rxn:2:90109:96608	Cc1ccc2oc(CNC3CCCC[C@@H]3F)cc2c1
rxn:2:139343:77978	CN1CC(NC[C@H]2CC[C@@H](F)CC2)c2ccccc21
rxn:2:88758:139913	COCC1(NC2CCCCc3ccoc32)CSC1
rxn:2:120221:122313	CC(C)Oc1ncccc1CNC1CCCSC1C
rxn:2:103110:83857	CCCc1ccc(NC(C)CC2(C)CC2)cn1
rxn:2:115336:76620	COCn1cccc(NC2CCSc3sccc32)c1=O
rxn:2:73551:80327	COc1ccc(C)c2sc(NC3CCOCC3C)nc12
rxn:2:78738:138205	Cc1nc2scnn2c1CNC1CCCC(C2CC2)C1
rxn:2:106997:92107	Cc1nn(COC(C)(C)C)c(C)c1NC[C@@H]1CCO1
rxn:2:124729:76878	Cc1snnc1C(C)N[C@@H]1CCCC[C@@H]1n1ccnn1
rxn:2:134437:135605	CC(C)c1nscc1NC1CCCC1C(C)(C)C
rxn:2:104286:96551	CCn1ccc(NC2CCCC2(CC)CC)nc1=O
rxn:2:95606:66671	CC(NCCN1CCCC(F)(F)C1)c1cccnn1
rxn:2:104066:81291	CC(C)C(NC[C@@H]1C[C@H]1C(C)C)c1cnn(C)c1
rxn:2:78711:66557	CO[C@H]1CCCCC1Nc1cc(C)c2c(c1)ncn2C
rxn:2:93749:74326	COc1cc(C(C)Nc2cscc2OC)ccc1C
rxn:2:96604:109315	COCCC(C)(NC(C)c1cnco1)C1CC1
rxn:2:127228:118194	CCC(C)(CC)CNC1CCC12CCCCO2
rxn:2:75519:101881	CCC(NC(C)(C)C1CCC1)C12CC(C1)C2
rxn:2:80032:129772	CCCC(NC1CCN(C)C12CCC2)C(C)C
rxn:2:109184:118376	c1cc(NC2CCc3ccsc3C2)c(OC2CC2)cn1
rxn:2:138829:69918	CC(C)CC(C)C(C)(C)NC(C)c1cn(C)cn1
rxn:2:102859:84526	CCC1COC(CNC(CC)c2nnc[nH]2)C1
rxn:2:72955:81336	CCC(NC1C2CCC21)C1CCCN1C(C)C
rxn:2:68067:108380	COc1ccsc1C(C)N[C@@H](C)c1cc(C)c(C)o1
rxn:2:94254:128952	CC1CC(NCC2(F)CC(C)C2)C(C)(C)N(C)C1
rxn:2:83837:127910	CC(NC(C)c1nc(C(C)(C)C)no1)c1cccnc1
rxn:2:96711:71004	CC(C)C1CC(Nc2cccc3cnncc23)CCS1
rxn:2:79050:87875	c1cc(CNC2CCCc3occc32)n(C2CCC2)n1
rxn:2:92062:138926	Cc1nn(Cc2ccccn2)cc1NC1CC2(CC2)C1
rxn:2:78520:99398	CCc1ccccc1NC(C)c1cc(C)nn1CC
rxn:2:141569:138589	COc1ccn2nc(NCC3OCCC3(C)C)nc2c1
rxn:2:89227:85589	CC(CNC1CC[C@@H]2[C@H]1C2(F)F)c1cccc(=O)[nH]1
rxn:2:109799:68842	CCCOc1ccc(NC2CCCCCCC2)nn1
rxn:2:97373:96961	CCCS(=O)(=O)C1CCCC1NC(C)c1cnsc1
rxn:2:104401:73350	CS(=O)(=O)C1CCCC(N[C@@H]2C[C@H]2c2cccnc2)C1
rxn:2:103951:134193	CCCC(Nc1ncc(C2CC2)s1)c1ccco1
rxn:2:75161:85464	CN(C)CCC(NC1(C)CCSCC1)C(C)(C)C
rxn:2:108979:111510	COC1CC(CNC2CCCCC2C)C12CCC2
rxn:2:129969:124134	CC1CC12CCCC2NCC1(C2CC2)CCCO1
rxn:2:76092:95294	CC(C)C1CC(NC2(c3cccnn3)CCCC2)CO1
rxn:2:85976:123715	CC(C)C1COCCC1NC1CCc2cnn(C)c2C1
rxn:2:113037:141226	Cc1ncc(NC2CCC2(C)F)c(OC2(C)COC2)n1
rxn:2:69369:142090	CCc1cccc(C(CC)NC2CCS(=N)(=O)C2)c1
rxn:2:94408:113292	c1ccc(C2COCCO2)c(NC2CCC3CC3C2)c1
rxn:2:132574:88899	Cn1cc(NC2CC3CCCC(C2)S3)c(C2CCC2)n1
rxn:2:82610:93592	COc1nc(C)c(C)c(C)c1CNC1CC2CCCC21
rxn:2:68271:103357	CCC(N[C@H](C)Cc1ncco1)c1c(C)noc1C
rxn:2:75342:74595	CC(C)[C@@]12CCC(NCC(C)(C)c3ccco3)[C@H]1C2
rxn:2:102751:133982	Cc1nccn1C1CCCC(NCC(F)C(C)(C)C)C1
rxn:2:124270:127762	CCN1Cc2ccccc2CC1CNC1CCOC1C
rxn:2:141758:121192	Cc1cn(C)c(NCC(c2ccccc2C)N(C)C)n1
rxn:2:88530:153249	Cc1cnn(-c2ncccc2C(C)N[C@H](C)C2CC2)c1
rxn:2:102953:135830	CC(NC1CCc2c1sc1c2CCCC1)c1nccs1
rxn:2:136911:118520	CCCn1nccc1CNC1CCc2cccnc2C1
rxn:2:86188:120019	Cc1cc(CNC2CCCN(C3COC3)C2)cc(C)n1
rxn:2:79521:123008	CCc1ccc(CNC(C)c2cc(C)cc(C)n2)[nH]1
rxn:2:70107:82447	CCn1cc(C(C)NCCc2cc(C)ccn2)nn1
rxn:2:132828:85254	CS(=O)(=O)n1ccnc1NC1CCCN2CCCCC12
rxn:2:97951:135742	C[C@@H]1Cc2ccccc2[C@H]1NCC1CCCN1C1CC1
rxn:2:89802:82040	CC(C)c1nn2nc(NC3CCOCC3(C)C)cc2[nH]1
rxn:2:99912:87122	CCC(NC[C@H]1CCN1C)c1cn(C)c2ccccc12
rxn:2:94349:85879	C[C@H]1C[C@H](NC2COC3(CCOCC3)C2)CCO1
rxn:2:137667:114985	CCSc1cnccc1NC1CCN2CCC1CC2
rxn:2:76515:127955	CC1CCOCCC1NC(C)(c1nnn[nH]1)C1CC1
rxn:2:118246:132522	COCCC(N[C@]1(C)CCOC1)c1ccccc1C
rxn:2:137466:114780	CN1CCC(CCNC(c2nccs2)C(C)(C)C)CC1
rxn:2:111690:92737	Cc1c[nH]c2ncc(NC3CCCC4CCC43)cc12
rxn:2:69577:86627	COC1CCCCC1CCNC1c2ccnn2CC1C
rxn:2:85782:86488	COC(CNC(C(C)C)C1CCC1)C1CC1
rxn:2:93117:78982	FC1(F)CCC(NCC2(Cc3cccs3)COC2)CC1
rxn:2:112095:159646	CC(N[C@@H](C)C1CCCC1)c1ccc2[nH]c(=O)oc2c1
rxn:2:93099:138907	CC(NC1CCC(F)(F)c2ccccc21)c1ccn[nH]1
rxn:2:97701:104399	CC(C)N1CC(Nc2nccc3cnn(C)c23)CC1(C)C
rxn:2:131667:66570	c1cc2nc(NC3CCCC(C4CCOC4)C3)ccn2n1
rxn:2:115368:101758	CC(NC1CC(n2ccnc2)C1)c1nc2c(s1)CCCC2
rxn:2:110961:119592	CCn1nc(NC2CC3(C2)CS(=N)(=O)C3)cc1C(C)C
rxn:2:106040:88549	CC(c1ncns1)C1(NC2CCCc3ncccc32)CC1
rxn:2:83074:123291	CCS(=O)(=O)CCC(C)Nc1c[nH]c2cccnc12
rxn:2:131031:113117	COc1nc(NC(C)c2nonc2C)ncc1C1CC1
rxn:2:82914:78766	Cc1cc2ccc(NC3CCN(C)C(C)(C)C3)cc2o1
rxn:2:130393:68873	CCC(NCCC(C)N1CCC1)c1c[nH]cn1
rxn:2:104066:98473	COc1cnc2c(c1)C(NC[C@@H]1C[C@H]1C(C)C)CCC2
rxn:2:85258:124706	CCCC(C)CC(C)Nc1ncc(C(C)(C)C)nn1
rxn:2:125954:118683	C1CCC(C2COC2)C(NC2C3CCC2COC3)C1
rxn:2:122628:105131	CC(C)OCc1cccc(NC2CCC3(CC3)C2)c1
rxn:2:95350:114357	CCOCC1(NC(c2ccnn2C)C2CC2)CC1
rxn:2:127460:117197	c1ccc(-n2nnnc2NC2CCC3CCCC3C2)nc1
rxn:2:79343:120439	CC(NCC1CC2(CCO1)CC2)c1cnc2cccnn12
rxn:2:126780:86627	CC1Cn2nccc2C1N[C@H](c1cccnc1)C1CCC1
rxn:2:92634:71630	CCc1nccnc1CNC1CC(C)Oc2ccccc21
rxn:2:121870:125296	CCOc1cncc(NC2c3ccnn3CCC2(C)C)n1
rxn:2:110904:92282	COCc1nn(C)c(NC2CC(n3ccnn3)C2)c1C
rxn:2:136982:77666	CC(Nc1cnncn1)c1ccccc1N1CCCCC1
rxn:2:76999:103740	COC12CC(NC(c3cc[nH]n3)c3sccc3C)(C1)C2
rxn:2:87791:137164	CC1CC(Nc2cccc(-c3cnco3)c2)CN1C1CC1
rxn:2:102057:139276	CN(C)CC1CCCC1NC1(c2cccnc2)COC1
rxn:2:117784:124850	C[C@H](CNC1CCn2ccc3cccc1c32)N1CCCC1
rxn:2:105950:90851	Cc1cc(C)nc(OC(C)CNC2CCCN(C)C2)n1
rxn:2:104376:139605	CN(C)c1nnccc1NC1CC2C(F)CC1(C)C2(C)C
rxn:2:131382:101707	Cc1cc(NC2CCSC3(CCC3)C2)nn1C1CCOC1
rxn:2:131458:107899	Cn1ccc2[nH]nc(NC3CCCC(C)(C)C3)c2c1=O
rxn:2:119911:100219	CCN1CCC(NC2CCCC3CCCC32)C1(C)C
rxn:2:135202:84227	CC(C)(C)C(NC1CCN(c2nncs2)C1)C1=NCCC1
rxn:2:96314:84597	c1ccc2c(c1)C[C@@H]1CC(Nc3nccn3C3CCC3)[C@H]21
rxn:2:142226:124989	COc1ccc(OC)c2c1C(C)CC2N[C@H]1COC[C@H]1F
rxn:2:110399:67549	COCc1c(C)cccc1NC1CCOC2(CCOC2)C1
rxn:2:118507:111510	CCOC[C@H](NC1CCCCC1C)c1ccccc1
rxn:2:137368:110305	CC1(C)CC2(CCO1)CC(NC1CC(F)C1)CCO2
rxn:2:116217:126356	CC(F)(F)c1ccc(NC2CCCC34CC(CO3)C24)nc1
rxn:2:96303:122276	CC(C)(C)C(NC1CC2(CCCCO2)C1)c1cc[nH]c1
rxn:2:140422:122190	CC(NCC1CCc2nccn21)c1cnn2c1COCC2
rxn:2:123488:104655	Cc1ccc(NC2c3ccccc3OC3CC32)[nH]c1=O
rxn:2:108435:93299	Cn1ccc(C2(NC3C[C@H]4C[C@@H]5C[C@H](C4)C[C@H]3C5)CC2)n1
rxn:2:76320:116856	COC(C)c1ccc(C(C)Nc2cscc2C)cc1
rxn:2:70631:133164	CC1(C)CCC(N[C@@H]2C[C@@H]3CC[C@H]2O3)CC(C)(C)O1
rxn:2:115056:122897	CC(C)(C)Oc1cccc(NC2CCOCC2C2CC2)n1
rxn:2:111019:126726	Cc1cccnc1C(NC1CC(C)C1(C)C)C(C)(C)C
rxn:2:94056:113058	Cc1ccccc1C1CC(NC2(CC3CC3)CC2)C1
rxn:2:93625:65992	Cc1nc(CCC(C)NCC2CC(F)(F)CCO2)cs1
rxn:2:112624:90848	Cc1cnc2c(NC3CCC4(CC[C@H](F)C4)C3)cnn2c1
rxn:2:102222:123319	CN1CCC(Nc2cnc3cccnc3c2)CC12CCC2
rxn:2:86188:138873	Cc1cc(CNC[C@H]2CCCc3ccccc32)cc(C)n1
rxn:2:139764:100098	CO[C@H]1COC[C@@H]1NC(C)c1cnc(-c2cccnc2)s1
rxn:2:128810:73125	CCCC(Nc1ncc(C2CCOC2)s1)c1cscn1
rxn:2:85964:128945	CCON1CCC(N[C@H]2CCO[C@@H](C(C)C)C2)CC1
rxn:2:100467:119009	CCN1CCc2nc(NC(C)c3cn(C)nn3)oc2CC1
rxn:2:97197:115719	CCC1CCN1CCNC(C)c1cnn2cccnc12
rxn:2:117700:67774	COc1ccc(C(C)(C)NC2CCC2C2CCC2)cc1
rxn:2:114030:126124	CCC(NCc1csnc1C)C1CCCCN1C1CC1
rxn:2:112294:132476	Cc1cc(C(C)Nc2cnn(C3CCCC3)c2)sc1C
rxn:2:94691:113292	Cc1ccc(O[C@@H]2CCOC2)c(NC2CCC3CC3C2)c1
rxn:2:125439:120905	CC(NCCN1CC2CCC1C2)c1cc2sccc2n1C
rxn:2:98299:71154	CCC1(C)OC(C)(CC)C1NCc1n[nH]c2c1CCC2
rxn:2:130703:128472	c1ccc([C@@H]2C[C@@H]2NC2CC3CC4(CC4)CC3C2)cc1
rxn:2:105039:141862	CC(C)Oc1ccncc1C(C)NC(C)C1CCOC1
rxn:2:75229:68556	CCC(NCC12CC(C3CC3)(C1)C2)C1CCOC1
rxn:2:123627:100687	c1nc(C(NC2CCCN(c3cnco3)C2)C2CC2)co1
rxn:2:136522:91639	CCC1(NC(C)c2ncc(-c3cnn(C)c3)s2)CCCC1
rxn:2:84955:99398	CCn1nc(C)cc1C(C)NCC1CN2CCN1CC2
rxn:2:78792:67202	CCC(NC1CCC(CCOC)CC1)c1cnco1
rxn:2:105381:141509	CCOC1COCCC1NC(C)C(C)n1cc(C)cn1
rxn:2:107531:98558	c1ccc2c(c1)C(NCc1nn[nH]n1)CCC21CCCC1
rxn:2:113695:78452	CC1(C)CSCC(NCc2cc(C3CC3)n3c2CCC3)C1
rxn:2:136328:67800	CCc1nccn1CC(CC)NC[C@H](F)[C@@H](C)F
rxn:2:99897:130411	Cc1ccc(-c2ccc(CNC3CCOCC3F)[nH]2)cc1
rxn:2:134109:92624	COc1ccc(C(NC23CSCC2C3)C2CCCO2)cc1
rxn:2:91433:116616	CCn1cc(C(NC2CCOCC23CCC3)C2CC2)cn1
rxn:2:98076:102599	CC[C@@]12CC[C@@H](CC1NCc1cc(=O)c(OC)cn1C)C2
rxn:2:69665:74551	COC[C@@]1(C)CCC[C@@H]1NC1COc2cccc(OC)c21
rxn:2:132048:111773	COc1ccnc(C(C)Nc2c(C)ccnc2C2CC2)c1
rxn:2:92750:106214	CC(NC1CSC(C(C)C)C1)c1cccc2ncccc12
rxn:2:88705:121253	COc1ccc(NC2CSC(C)C2)cc1COC(C)C
rxn:2:136496:80762	Cc1ccc2c(c1)C(C)CCC2NCc1cnn(C)c(=O)c1
rxn:2:100183:83857	Cc1ccc(OC(C)CNC(C)CC2(C)CC2)cn1
rxn:2:87621:105846	CC12CC(CC1NC1CCCCc3cccnc31)C2
rxn:2:124424:125234	CC(C)N(C)C[C@H](C)NC1CC[C@@]2(C)CCC[C@H]2C1
rxn:2:91633:127322	CC(N[C@@H]1C[C@@H]2CN(C)C[C@@H]2C1)c1ccc2ccn(C)c2n1
rxn:2:97951:97041	CC(C)CC(N[C@@H]1c2ccccc2C[C@H]1C)C(C)C
rxn:2:66974:141652	CC(NC1CCc2cc(C(C)(C)C)ccc21)c1ncnn1C
rxn:2:106760:120117	C[C@H](CNC1CCC2(CCCN2C)CC1)OC(C)(C)C
rxn:2:140266:134479	c1nc2c(cc1NC1CCC3(CCCCC3)C1)OCCO2
rxn:2:120712:76308	COc1c(-n2cc(NC3C[C@H]4CC[C@@H]3C4)cn2)ccnc1C
rxn:2:75882:76419	CC1CCC(NC2(c3c[nH]cn3)CC2)c2nccc(=O)n21
rxn:2:79077:100687	CC1(c2cc(NC(c3cocn3)C3CC3)on2)CCCC1
rxn:2:76870:154025	CN(C)C1CC(NC2CCOc3c2ccc2ccccc32)C1
rxn:2:116319:71047	c1cnc(-c2nccc(NC3CC4(CCCCC4)C3)n2)nc1
rxn:2:116171:76064	Cc1csc2c1C(Nc1cn(C3CC3)nc1C1CC1)CC2
rxn:2:94977:129471	COCCC(NC(C)Cc1cnccn1)C(C)C
rxn:2:96837:141442	Cc1cc2n(n1)CCC2Nn1cc2sccc2n1
rxn:2:139844:105657	Cc1nn(Cc2ccccn2)c(C)c1NC1C[C@H]2CC[C@H]2C1
rxn:2:119631:120533	CCn1ncc(CNC2CCCCCCCCC2)c1OC
rxn:2:119237:106780	Cc1cnc(C(C)NC(C)c2cccc(C(C)F)c2)nc1
rxn:2:129830:125698	c1ncc(-c2nnc(NC3CCCOC34CCC4)[nH]2)cn1
rxn:2:84055:127426	Cc1nccnc1NC1CCN(Cc2cccs2)CC1(C)C
rxn:2:108085:71180	Cc1ccc(C(C)NCc2ccc(=O)n3c2N(C)CC3)nc1
rxn:2:105276:106900	Cc1ccnc2ccc(NC(C)CC3CCCC3)cc12
rxn:2:78277:79313	CCC(Nc1cncc(S(=O)(=O)F)c1)c1cnccn1
rxn:2:106311:84854	CCC(CSC)Nc1cn(Cc2cccs2)ccc1=O
rxn:2:92749:84636	Cc1cc(C)nc(N2CCC(Nc3nnn[nH]3)CC2)n1
rxn:2:141361:96488	CCOc1ccccc1C(C)NC1CSCc2occc21
rxn:2:112667:92710	Cc1ccc(C(C)NC2CC3CCCC(F)(C3)C2)c(C)n1
rxn:2:74279:142255	CCn1cc(C(Cc2nc(C)cs2)NC2CC2(F)F)cn1
rxn:2:106157:92901	CC1(C)SC(C)(C)C1NC1CCC2(CC1)COCCO2
rxn:2:140639:133413	Cc1n[nH]cc1-c1cnc(C(C)NC2CCC2N(C)C)s1
rxn:2:83963:115233	COc1ccc2c(c1)CC(NC1(C)Cc3ccccc31)CC2
rxn:2:141703:72792	CCN1CCCC1CNCc1ccccc1-c1csnn1
rxn:2:68317:98187	Cc1ccc(SCC(C)(C)NC2CCC[C@@H]2F)cc1
rxn:2:123011:93170	COc1nscc1CNC(c1ccccc1)C1CCCO1
rxn:2:135801:123976	Cc1[nH]c(=O)[nH]c1C(C)NC1COCCC1(F)F
rxn:2:100755:109325	CC1CC(NCCc2nnc3sc4c(n23)CCC4)CC(C)S1
rxn:2:121755:103705	CCc1cccc2c1CCCC2Nc1ncnc(OC)c1C
rxn:2:78638:76922	CC(C)c1nn(C)c(NC2CC3COC2C3)c1-c1cccs1
rxn:2:72501:137030	Cc1cnc(NC2CCCCCC2F)c2[nH]ccc12
rxn:2:124599:93151	Cc1c(C(C)NCC2(C)CCOCC2)[nH]c2c1CCCC2
rxn:2:85084:108687	CC1CC(C)(C)CCC1Nc1ccc(Cn2ccnn2)cc1
rxn:2:137450:127335	CCc1csc(NC(c2cccnc2)C2CCSCC2)n1
rxn:2:141851:114753	CCn1nc(-c2ccncc2)cc1NC1CC(C)(C)C12CC2
rxn:2:66031:83408	CCC(CCC(C)C)Nc1c[nH]c2cnc(C)cc12
rxn:2:92883:91741	CN(CCNC1CC(C)(C)OC1(C)C)CC1CCC1
rxn:2:108224:68864	Cc1c(C(C)NCC2(F)CCC3(CC3)C2)cnn1C(C)C
rxn:2:117924:86744	CCC(NC1CC2CCCC(C2)C1)c1cc(OC)ccn1
rxn:2:128018:115861	CN1CCN(c2ccc(NC3CC4CC5C(C4)C35)cn2)CC1
rxn:2:120092:118634	CCN1CCC1CNC(C)c1ccc(-c2ccoc2)cn1
rxn:2:97713:104290	COc1ccc2c(c1)CCCC2CNC1CCOCC1(F)F
rxn:2:133616:104369	COc1ccc([C@@H]2CCC(N[C@H]3C[C@@H]4O[C@H]3[C@H]3C[C@H]34)C2)cc1
rxn:2:89765:110433	CN1CC(NC2CCN3CCOC2C3)CC(C)(C)C1
rxn:2:94321:68873	CCC(NCCc1cccc(OC)n1)c1c[nH]cn1
rxn:2:149735:129025	CC1(C)CCC(CNc2nc3ccc(S(C)(=O)=O)cc3s2)O1
rxn:2:113043:114038	CN1CC2CC(Nc3cn(Cc4cccnc4)nn3)CC2C1
rxn:2:78898:86859	CC1(C)CC(Nc2cncnc2C2CCCCC2)CS1(=O)=O
rxn:2:95588:74159	O=c1ccn(C2CC2)cc1CNC1CCC2C3OCCC3C12
rxn:2:141923:107673	CCS(=O)(=O)c1nn(C)cc1NC1C[C@@H]2CC3(CC3)C[C@@H]2C1
rxn:2:131019:89746	COCCn1nnnc1NC1CC2(CCC(OC)C2)C1
rxn:2:117731:77910	CCCc1ccnc(C(C)NCCc2ncn[nH]2)c1
rxn:2:140128:116180	CCCc1c(COC)noc1NC1CCc2oncc2C1
rxn:2:74962:121666	CCCC1CC(NC(C)c2nc(C3CC3)n[nH]2)CCO1
rxn:2:117406:67849	COC(C)(C)CNC(C)CCC=C=C(C)C
rxn:2:136745:122190	CC(NCC1CC2CCCCN2C1)c1cnn2c1COCC2
rxn:2:106236:90660	CCC(NCc1snnc1C)C1CCCN1CC1CC1
rxn:2:86559:108827	FC1(F)C(NC2CCCc3nc(-c4ccoc4)sc32)C12CC2
rxn:2:70846:84952	CCc1ncc(CCNC2CCOc3ccc(C)cc32)cn1
rxn:2:140238:71242	CCC(NCC1CCC(F)C1)C1CCC(OC)CC1
rxn:2:96099:128952	Cc1cc(NC2CC(C)CN(C)C2(C)C)n(C(C)C2CC2)n1
rxn:2:70973:74850	CC(CCc1cncnc1)NCC1CC1c1cnoc1
rxn:2:83675:121820	CC(NC(C)C1CC(C)(C)C1)c1cccc2ncccc12
rxn:2:87010:71622	Cc1ccnn1-c1ccnc(NC2CCCCC2C(C)C)c1
rxn:2:85688:118894	Cc1ccc(C2CCCCC2NCCc2coc(C)n2)nc1
rxn:2:140868:78519	COc1ccc(C)c(C(C)Nc2ccnc(S(C)(=O)=O)c2)c1
rxn:2:95799:134381	Cc1cnc(CCC(C)C)cc1NC1CC(C)OC1(C)C
rxn:2:153255:110034	COc1ccc(Oc2nccc(C)n2)c(NC2CCC2F)c1
rxn:2:133884:117678	CCC1CC(NCc2c3c(nn2CC2CC2)CCC3)CO1
rxn:2:91603:133671	CC[C@H](COC(C)(C)C)NC1CCC(c2nc(C)no2)C1
rxn:2:102591:76716	CCc1ccc2c(c1)C(Nc1ncc(SC)cn1)CCO2
rxn:2:116263:119035	Cc1nccc(-n2cncn2)c1NC1CCCC1S(C)(=O)=O
rxn:2:127842:105660	CCCN(C)C1CCCCC1Nc1cnc2cnccc2c1
rxn:2:115186:69555	CCC[C@H]1CC[C@H](CNC2CCCN(CC)C2)CC1
rxn:2:69206:72181	CCOc1cccc(C(C)Nc2ccc3c(c2)COCC3)n1
rxn:2:122261:84046	COc1ccc(C(Nc2nnccc2C)C23CC(C2)C3)cc1
rxn:2:113159:71623	CC(NC1CC2CCCC(C1)C2F)c1ccc2nn[nH]c2c1
rxn:2:79864:101017	c1cnc2c(c1)[C@@H](NC1CCC3CCCCC3C1)CCC2
rxn:2:138134:96396	CCn1cc(C(F)(F)CNC2CC(C3CCCC3)C2)cn1
rxn:2:102494:74146	CCOC1CCCC(Nc2nc(C)nnc2-c2cccs2)C1
rxn:2:133170:104436	Cc1ccsc1C(C)NCCC1CCCN2CCCCC12
rxn:2:84799:75255	CCC(C)(C)CCNC(CC1COC1)C(C)C
rxn:2:76131:72493	CCSCc1csc(NC(C)CCC2CCC2)n1
rxn:2:89722:127878	CCC12CC(CNC3CCOc4cc(OC)ccc43)(CO1)C2
rxn:2:120675:114787	Cc1ccccc1[C@@H](NC1C[C@H]2CCCC[C@H]12)C(C)C
rxn:2:83611:133222	CCn1nccc1C(C)NCc1n[nH]c(=O)n1C1CC1
rxn:2:129618:132791	CCC1COCCC1NCc1cn(C(C)(C)C)nc1C1CC1
rxn:2:91065:65819	CCn1ccc(CCNC2CCC(CC)(CC)CC2)n1
rxn:2:66451:90537	Cc1ccnc2cc(NC3CCCCC3C3CC3)ccc12
rxn:2:68268:104794	CCc1cc(CNC(C)c2cn[nH]c2)n(C2CCSC2)n1
rxn:2:68466:92418	CCC(C)(CNC1CCCc2snnc21)N1CCCC(C)C1
rxn:2:101288:111788	Cn1ncc2c1CCCC2NCc1cc(CC(C)(C)C)ncn1
rxn:2:100370:78199	CCC(Cc1cccc(C)c1)N[C@@H]1CCCN(C2CC2)C1
rxn:2:137025:105846	CCOc1cc([C@@H](C)NC2CC3CC2(C)C3)ccc1OC
rxn:2:74108:135830	CC(C)c1ocnc1CNC1CCc2c1sc1c2CCCC1
rxn:2:105216:144324	Cc1cn(C)c2cc(C(C)NCC3CC4CCCN4C3)cnc12
rxn:2:134056:68463	Cc1cccc(C(CC(C)C)N[C@@H](C)c2nccs2)c1
rxn:2:67121:86205	Cc1cccc(C2(N3CCC(Nc4cncnn4)CC3)CC2)c1
rxn:2:89409:127878	CCn1nc2c(c1NC1CCOc3cc(OC)ccc31)CCC2
rxn:2:79585:133545	COC1COCCC1NC(C)c1ccccc1CC(C)(C)C
rxn:2:100901:133854	CCC(C)n1ncc(S(C)(=O)=O)c1NC1CCOC(C)(C)C1
rxn:2:70365:93885	C=C=CC(NCc1cn2cnc(CC)cc2n1)C(C)(C)C
rxn:2:85566:89795	c1cc2cnn([C@@H]3CCCCO3)c2cc1NCC1COCCO1
rxn:2:121383:101467	Cc1cc(C)c2c(c1)OCCC2NC1CCCC1n1ccnc1
rxn:2:77201:112102	Cc1cnc(CNC(C)CCc2ncc(C(C)C)[nH]2)o1
rxn:2:78793:95116	Cc1ccccc1[C@@H]1C[C@H]1NC1CCCCC12CCCCO2
rxn:2:149015:68678	c1cc2nc(C3CCSCC3)cc(NC3C[C@@H]4COC[C@H]34)n2n1
rxn:2:67305:133085	CCC[C@@H]1CCCC1NCC(C)(C)CC1CC1
rxn:2:88196:80724	COC1CCCC1NCc1ccccc1N1CCCCCC1
rxn:2:121937:102483	CC(C)CCc1nc(NC2CCOC3(CCCC3C)C2)no1
rxn:2:99342:119233	CCc1ccc([C@@H](CC(C)C)NC2C[C@H]3COC[C@@H]23)cc1
rxn:2:92999:83373	CCC(NC1CCc2nccn2C1)c1cccc(SC)c1
rxn:2:97847:78433	CC1OCCN(C)C1CNC1CCC(C)(N2CCC2)CC1
rxn:2:79635:67250	CC(N[C@@H]1C[C@H](C)CC[C@H]1C(C)C)c1ccc2cn[nH]c2n1
rxn:2:89944:116616	O=c1[nH]c(CNC2CCOCC23CCC3)nc2cnccc12
rxn:2:125628:134635	CCC(NC1CCCc2n[nH]cc21)c1ccc2c(c1)CCC2
rxn:2:108028:115333	Cc1oc2c(c1C)C(Nc1cnn([C@@H]3CCOC3)c1C)CCC2
rxn:2:143604:106214	CC(C)C1CC(Nc2ccccc2-c2ccc(=O)n(C)n2)CS1
rxn:2:108580:112500	COc1cccc2c1C(NC1CCc3c1cccc3N(C)C)C2
rxn:2:83984:139934	Cc1noc(C2OCCC2NCC2CCc3ccccc3O2)n1
rxn:2:84329:78697	CC(Nc1cc(C2CC2C)no1)c1ccc(C(C)(C)C)nc1
rxn:2:133616:87470	CCc1cccc(C(N[C@H]2C[C@@H]3O[C@H]2[C@H]2C[C@H]23)C2CCC2)c1
rxn:2:136427:141920	CC(CNC1CCCN(c2cc[nH]c(=O)c2)C1)N1CCC1
rxn:2:140120:75685	Cc1cccc([C@H](CCC(C)C)NC2CC(C)C2)c1
rxn:2:131978:104467	CC(N[C@H]1CC12CCCCC2)c1csc2ccccc12
rxn:2:87295:164255	Cc1cccc(=O)n1CC(NC[C@@H]1C[C@H]1C)c1ccn(C)c1
rxn:2:77311:133590	CC(C)C1CCc2ccccc2C1N[C@@H]1C[C@H]1c1ccn(C)n1
rxn:2:108388:107138	c1cc2n(n1)C1(CCC1)CC2NC1CCC(N2CCCCC2)C1
rxn:2:140760:119249	c1cn(CCCn2ccc(NC3CCC4(CC4)OC3)n2)cn1
rxn:2:127377:82070	CC1(C)CC(NCc2ccn(C(C)(C)C)c2)c2cccnc2O1
rxn:2:115739:105131	CN(C)c1ccc(NC2CCC3(CC3)C2)c(-c2cnn(C)c2)c1
rxn:2:140478:109324	CC(C)c1ncc(CCNC2CC3(CCC(C)(C)C3)C2)s1
rxn:2:107917:104766	CCc1cc(C)cc(C(CC)NC2CCCC2N(C)C)c1
rxn:2:126316:78436	COc1ccc(CNC2CCC(C)(C)N(C)C2)c2ccccc12
rxn:2:99675:125762	COCCC(NC1CCC2CC1C2)c1cc(C)ccc1C
rxn:2:111270:128152	CC(C)CC(Cc1ncccn1)Nc1ncnn1C(C)(C)C
rxn:2:67704:116126	CS(=O)(=O)CC(N[C@H]1CCc2nccn2C1)c1ccncc1
rxn:2:136387:105165	COc1c(C)cc(C)cc1C(C)Nc1n[nH]c2c1CCC2C
rxn:2:116356:129453	CC(C)[C@H](C)NC1CC2CC(C1)CN(Cc1ccccc1)C2
rxn:2:137932:85949	CC(C)(CN1CC2CCCC2C1)NC1CCc2ncncc2C1
rxn:2:121902:135634	O=c1ccn(C2CCCC2NC2C[C@@H]3C[C@H]2C[C@H]3F)c(=O)[nH]1
rxn:2:83737:135605	CC(C)(C)C1CCCC1NC1CN(c2cc(C3CC3)ncn2)C1
rxn:2:97939:88482	CCC(NCC(F)CCOC(C)(C)C)c1ncc[nH]1
rxn:2:109815:78241	CCc1nc(C2CC(Nc3ccc4c(c3)CS(=O)(=O)C4)C2)no1
rxn:2:117915:137366	c1csc(C2CC(NC3CC3c3ccc(C4CC4)cc3)C2)n1
rxn:2:129492:117250	CCC(NC1(c2nnc(C)[nH]2)CC1)c1cn(C)nc1OC
rxn:2:89131:140137	CC1CCCCC1C1(NC2CCC3C2COC3(C)C)CC1
rxn:2:141752:77199	COc1ccc2c(c1)CCC2Nc1cc(CC(C)(C)C)nn1C
rxn:2:74883:127877	Cn1cc2c(n1)CCCCC2NC1CCC2CC1C2(C)C
rxn:2:79316:72920	Cc1cccc(-n2ccc(NC3CCCC[C@H]3CN(C)C)n2)n1
rxn:2:71263:149522	CCCc1nc2ncc(C(C)NC3CC4CCC3C4)c(C)n2n1
rxn:2:83213:67518	c1ccc(N2CCC(NC3CCOC4(CCCCC4)C3)C2)cc1
rxn:2:107681:113943	FC1(F)CC1n1ccc(NC2CCCC2C2CCCCC2)n1
rxn:2:111343:75361	CO[C@@H]1[C@@H](NC(CCN(C)C)c2ccsc2)COC1(C)C
rxn:2:138428:127910	COc1ccc2c(c1)[C@H](CCNC(C)c1cccnc1)CC2
rxn:2:133402:123606	Cc1sccc1-c1cccc(NC2CCN(C)C3(CC3)C2)c1
rxn:2:118901:71859	CN(CCNC1CC(CN2CCCCC2)C1)C1CC1
rxn:2:99459:74071	CC(C)(COc1ccccc1)NC1Cc2cnoc2C2(CC2)C1
rxn:2:69438:108058	Cc1cc2n(n1)CCCC2NC12CC(N3CCN(C)CC3)(C1)C2
rxn:2:108926:118926	CCCOC1CC(NC(C)(C)C2CCSCC2)C1(C)C
rxn:2:105476:66610	CCc1cc2nccc(CNC3CCS(=O)(=O)CC3(C)C)n2n1
rxn:2:126575:74190	Cn1nc2c(c1NC1CCCC1CC1CCC1)CS(=O)(=O)CC2
rxn:2:139059:70112	CCC1COCCC1NC1CCN(c2cccc(C)c2C)CC1
rxn:2:105904:116170	Cc1ccc2c(c1)C(NCC1CC(CC(C)C)CO1)C(C)C2
rxn:2:134740:123043	CCCC(NCC1(CC)CC2CCC1O2)c1cnccn1
rxn:2:91790:68991	CCCO[C@H]1CC[C@@](C)(NC2CCOC3(CCC3)C2)CC1
rxn:2:67615:110149	CN(C)CCC(NCC1(C)CC2CCC1O2)c1cccs1
rxn:2:102705:112583	COc1csc(-c2ncc(C(C)N[C@@H](C)[C@H](C)OC)s2)c1
rxn:2:115128:126707	CC(C)CC1CC(NCCC23COCC(C2)C3)c2ccnn21
rxn:2:67342:119083	c1cc2c(s1)C(CNCC1CC3(CCOC3)CO1)CCC21CC1
rxn:2:130768:82422	CCOCC(NCC12CCC(C)(C1)OC2)c1cnn(C)c1
rxn:2:127301:119592	CC(C)c1cc(CNC2CC3(C2)CS(=N)(=O)C3)nn1C1CC1
rxn:2:98494:141942	CCc1ccccc1C(NC1CCCn2c(C)nnc21)C1CC1
